[
{
  "pk": 1, 
  "model": "contenttypes.contenttype", 
  "fields": {
    "model": "logentry", 
    "name": "log entry", 
    "app_label": "admin"
  }
},
{
  "pk": 2, 
  "model": "contenttypes.contenttype", 
  "fields": {
    "model": "permission", 
    "name": "permission", 
    "app_label": "auth"
  }
},
{
  "pk": 3, 
  "model": "contenttypes.contenttype", 
  "fields": {
    "model": "group", 
    "name": "group", 
    "app_label": "auth"
  }
},
{
  "pk": 4, 
  "model": "contenttypes.contenttype", 
  "fields": {
    "model": "user", 
    "name": "user", 
    "app_label": "auth"
  }
},
{
  "pk": 5, 
  "model": "contenttypes.contenttype", 
  "fields": {
    "model": "contenttype", 
    "name": "content type", 
    "app_label": "contenttypes"
  }
},
{
  "pk": 6, 
  "model": "contenttypes.contenttype", 
  "fields": {
    "model": "session", 
    "name": "session", 
    "app_label": "sessions"
  }
},
{
  "pk": 7, 
  "model": "contenttypes.contenttype", 
  "fields": {
    "model": "site", 
    "name": "site", 
    "app_label": "sites"
  }
},
{
  "pk": 8, 
  "model": "contenttypes.contenttype", 
  "fields": {
    "model": "keymap", 
    "name": "key map", 
    "app_label": "django_select2"
  }
},
{
  "pk": 9, 
  "model": "contenttypes.contenttype", 
  "fields": {
    "model": "migrationhistory", 
    "name": "migration history", 
    "app_label": "south"
  }
},
{
  "pk": 10, 
  "model": "contenttypes.contenttype", 
  "fields": {
    "model": "message", 
    "name": "message", 
    "app_label": "postman"
  }
},
{
  "pk": 11, 
  "model": "contenttypes.contenttype", 
  "fields": {
    "model": "pendingmessage", 
    "name": "pending message", 
    "app_label": "postman"
  }
},
{
  "pk": 12, 
  "model": "contenttypes.contenttype", 
  "fields": {
    "model": "accountverification", 
    "name": "Account verification", 
    "app_label": "userprofiles"
  }
},
{
  "pk": 13, 
  "model": "contenttypes.contenttype", 
  "fields": {
    "model": "taggedoffers", 
    "name": "tagged offers", 
    "app_label": "ecobasa"
  }
},
{
  "pk": 14, 
  "model": "contenttypes.contenttype", 
  "fields": {
    "model": "caravan", 
    "name": "Caravan", 
    "app_label": "ecobasa"
  }
},
{
  "pk": 15, 
  "model": "contenttypes.contenttype", 
  "fields": {
    "model": "slideshowplugin", 
    "name": "slide show", 
    "app_label": "ecobasa"
  }
},
{
  "pk": 16, 
  "model": "contenttypes.contenttype", 
  "fields": {
    "model": "slideshowimage", 
    "name": "image", 
    "app_label": "ecobasa"
  }
},
{
  "pk": 17, 
  "model": "contenttypes.contenttype", 
  "fields": {
    "model": "organiserrole", 
    "name": "Organiser role", 
    "app_label": "ecobasa"
  }
},
{
  "pk": 18, 
  "model": "contenttypes.contenttype", 
  "fields": {
    "model": "taggedinterest", 
    "name": "tagged interest", 
    "app_label": "ecobasa"
  }
},
{
  "pk": 19, 
  "model": "contenttypes.contenttype", 
  "fields": {
    "model": "taggedskill", 
    "name": "tagged skill", 
    "app_label": "ecobasa"
  }
},
{
  "pk": 20, 
  "model": "contenttypes.contenttype", 
  "fields": {
    "model": "taggedproduct", 
    "name": "tagged product", 
    "app_label": "ecobasa"
  }
},
{
  "pk": 21, 
  "model": "contenttypes.contenttype", 
  "fields": {
    "model": "ecobasauserprofile", 
    "name": "ecobasa user profile", 
    "app_label": "ecobasa"
  }
},
{
  "pk": 22, 
  "model": "contenttypes.contenttype", 
  "fields": {
    "model": "taggedoffersservice", 
    "name": "tagged offers service", 
    "app_label": "ecobasa"
  }
},
{
  "pk": 23, 
  "model": "contenttypes.contenttype", 
  "fields": {
    "model": "taggedoffersskill", 
    "name": "tagged offers skill", 
    "app_label": "ecobasa"
  }
},
{
  "pk": 24, 
  "model": "contenttypes.contenttype", 
  "fields": {
    "model": "taggedofferscreation", 
    "name": "tagged offers creation", 
    "app_label": "ecobasa"
  }
},
{
  "pk": 25, 
  "model": "contenttypes.contenttype", 
  "fields": {
    "model": "taggedoffersmaterial", 
    "name": "tagged offers material", 
    "app_label": "ecobasa"
  }
},
{
  "pk": 26, 
  "model": "contenttypes.contenttype", 
  "fields": {
    "model": "taggedofferstool", 
    "name": "tagged offers tool", 
    "app_label": "ecobasa"
  }
},
{
  "pk": 27, 
  "model": "contenttypes.contenttype", 
  "fields": {
    "model": "taggedwishskill", 
    "name": "tagged wish skill", 
    "app_label": "ecobasa"
  }
},
{
  "pk": 28, 
  "model": "contenttypes.contenttype", 
  "fields": {
    "model": "taggedwishmaterial", 
    "name": "tagged wish material", 
    "app_label": "ecobasa"
  }
},
{
  "pk": 29, 
  "model": "contenttypes.contenttype", 
  "fields": {
    "model": "taggedwishtool", 
    "name": "tagged wish tool", 
    "app_label": "ecobasa"
  }
},
{
  "pk": 30, 
  "model": "contenttypes.contenttype", 
  "fields": {
    "model": "ecobasacommunityprofile", 
    "name": "ecobasa community profile", 
    "app_label": "ecobasa"
  }
},
{
  "pk": 31, 
  "model": "contenttypes.contenttype", 
  "fields": {
    "model": "ecobasacommunityprofileseed", 
    "name": "ecobasa community profile seed", 
    "app_label": "ecobasa"
  }
},
{
  "pk": 32, 
  "model": "contenttypes.contenttype", 
  "fields": {
    "model": "taggedreferenceservice", 
    "name": "tagged reference service", 
    "app_label": "ecobasa"
  }
},
{
  "pk": 33, 
  "model": "contenttypes.contenttype", 
  "fields": {
    "model": "taggedreferenceskill", 
    "name": "tagged reference skill", 
    "app_label": "ecobasa"
  }
},
{
  "pk": 34, 
  "model": "contenttypes.contenttype", 
  "fields": {
    "model": "taggedreferenceproduct", 
    "name": "tagged reference product", 
    "app_label": "ecobasa"
  }
},
{
  "pk": 35, 
  "model": "contenttypes.contenttype", 
  "fields": {
    "model": "reference", 
    "name": "Reference", 
    "app_label": "ecobasa"
  }
},
{
  "pk": 36, 
  "model": "contenttypes.contenttype", 
  "fields": {
    "model": "cosinnusgroup", 
    "name": "Cosinnus group", 
    "app_label": "cosinnus"
  }
},
{
  "pk": 37, 
  "model": "contenttypes.contenttype", 
  "fields": {
    "model": "cosinnusgroupmembership", 
    "name": "Group membership", 
    "app_label": "cosinnus"
  }
},
{
  "pk": 38, 
  "model": "contenttypes.contenttype", 
  "fields": {
    "model": "tagobject", 
    "name": "tag object", 
    "app_label": "cosinnus"
  }
},
{
  "pk": 39, 
  "model": "contenttypes.contenttype", 
  "fields": {
    "model": "attachedobject", 
    "name": "Attached object", 
    "app_label": "cosinnus"
  }
},
{
  "pk": 40, 
  "model": "contenttypes.contenttype", 
  "fields": {
    "model": "widgetconfig", 
    "name": "Widget configuration", 
    "app_label": "cosinnus"
  }
},
{
  "pk": 41, 
  "model": "contenttypes.contenttype", 
  "fields": {
    "model": "widgetconfigitem", 
    "name": "Widget configuration item", 
    "app_label": "cosinnus"
  }
},
{
  "pk": 42, 
  "model": "contenttypes.contenttype", 
  "fields": {
    "model": "note", 
    "name": "Note", 
    "app_label": "cosinnus_note"
  }
},
{
  "pk": 43, 
  "model": "contenttypes.contenttype", 
  "fields": {
    "model": "comment", 
    "name": "Comment", 
    "app_label": "cosinnus_note"
  }
},
{
  "pk": 44, 
  "model": "contenttypes.contenttype", 
  "fields": {
    "model": "source", 
    "name": "source", 
    "app_label": "easy_thumbnails"
  }
},
{
  "pk": 45, 
  "model": "contenttypes.contenttype", 
  "fields": {
    "model": "thumbnail", 
    "name": "thumbnail", 
    "app_label": "easy_thumbnails"
  }
},
{
  "pk": 46, 
  "model": "contenttypes.contenttype", 
  "fields": {
    "model": "tag", 
    "name": "Tag", 
    "app_label": "taggit"
  }
},
{
  "pk": 47, 
  "model": "contenttypes.contenttype", 
  "fields": {
    "model": "taggeditem", 
    "name": "Tagged Item", 
    "app_label": "taggit"
  }
},
{
  "pk": 48, 
  "model": "contenttypes.contenttype", 
  "fields": {
    "model": "folder", 
    "name": "Folder", 
    "app_label": "filer"
  }
},
{
  "pk": 49, 
  "model": "contenttypes.contenttype", 
  "fields": {
    "model": "folderpermission", 
    "name": "folder permission", 
    "app_label": "filer"
  }
},
{
  "pk": 50, 
  "model": "contenttypes.contenttype", 
  "fields": {
    "model": "file", 
    "name": "file", 
    "app_label": "filer"
  }
},
{
  "pk": 51, 
  "model": "contenttypes.contenttype", 
  "fields": {
    "model": "clipboard", 
    "name": "clipboard", 
    "app_label": "filer"
  }
},
{
  "pk": 52, 
  "model": "contenttypes.contenttype", 
  "fields": {
    "model": "clipboarditem", 
    "name": "clipboard item", 
    "app_label": "filer"
  }
},
{
  "pk": 53, 
  "model": "contenttypes.contenttype", 
  "fields": {
    "model": "image", 
    "name": "image", 
    "app_label": "filer"
  }
},
{
  "pk": 54, 
  "model": "contenttypes.contenttype", 
  "fields": {
    "model": "page", 
    "name": "", 
    "app_label": "cms"
  }
},
{
  "pk": 55, 
  "model": "contenttypes.contenttype", 
  "fields": {
    "model": "placeholder", 
    "name": "placeholder", 
    "app_label": "cms"
  }
},
{
  "pk": 56, 
  "model": "contenttypes.contenttype", 
  "fields": {
    "model": "cmsplugin", 
    "name": "cms plugin", 
    "app_label": "cms"
  }
},
{
  "pk": 57, 
  "model": "contenttypes.contenttype", 
  "fields": {
    "model": "pagemoderatorstate", 
    "name": "Page moderator state", 
    "app_label": "cms"
  }
},
{
  "pk": 58, 
  "model": "contenttypes.contenttype", 
  "fields": {
    "model": "globalpagepermission", 
    "name": "Page global permission", 
    "app_label": "cms"
  }
},
{
  "pk": 59, 
  "model": "contenttypes.contenttype", 
  "fields": {
    "model": "pagepermission", 
    "name": "Page permission", 
    "app_label": "cms"
  }
},
{
  "pk": 60, 
  "model": "contenttypes.contenttype", 
  "fields": {
    "model": "pageuser", 
    "name": "User (page)", 
    "app_label": "cms"
  }
},
{
  "pk": 61, 
  "model": "contenttypes.contenttype", 
  "fields": {
    "model": "pageusergroup", 
    "name": "User group (page)", 
    "app_label": "cms"
  }
},
{
  "pk": 62, 
  "model": "contenttypes.contenttype", 
  "fields": {
    "model": "title", 
    "name": "title", 
    "app_label": "cms"
  }
},
{
  "pk": 63, 
  "model": "contenttypes.contenttype", 
  "fields": {
    "model": "text", 
    "name": "text", 
    "app_label": "djangocms_text_ckeditor"
  }
},
{
  "pk": 64, 
  "model": "contenttypes.contenttype", 
  "fields": {
    "model": "cachekey", 
    "name": "cache key", 
    "app_label": "menus"
  }
},
{
  "pk": 65, 
  "model": "contenttypes.contenttype", 
  "fields": {
    "model": "link", 
    "name": "link", 
    "app_label": "link"
  }
},
{
  "pk": 66, 
  "model": "contenttypes.contenttype", 
  "fields": {
    "model": "filerfolder", 
    "name": "filer folder", 
    "app_label": "cmsplugin_filer_folder"
  }
},
{
  "pk": 67, 
  "model": "contenttypes.contenttype", 
  "fields": {
    "model": "filerfile", 
    "name": "filer file", 
    "app_label": "cmsplugin_filer_file"
  }
},
{
  "pk": 68, 
  "model": "contenttypes.contenttype", 
  "fields": {
    "model": "filerimage", 
    "name": "filer image", 
    "app_label": "cmsplugin_filer_image"
  }
},
{
  "pk": 69, 
  "model": "contenttypes.contenttype", 
  "fields": {
    "model": "thumbnailoption", 
    "name": "thumbnail option", 
    "app_label": "cmsplugin_filer_image"
  }
},
{
  "pk": 70, 
  "model": "contenttypes.contenttype", 
  "fields": {
    "model": "filerteaser", 
    "name": "filer teaser", 
    "app_label": "cmsplugin_filer_teaser"
  }
},
{
  "pk": 71, 
  "model": "contenttypes.contenttype", 
  "fields": {
    "model": "filervideo", 
    "name": "filer video", 
    "app_label": "cmsplugin_filer_video"
  }
},
{
  "pk": 72, 
  "model": "contenttypes.contenttype", 
  "fields": {
    "model": "todoentry", 
    "name": "TodoEntry", 
    "app_label": "cosinnus_todo"
  }
},
{
  "pk": 73, 
  "model": "contenttypes.contenttype", 
  "fields": {
    "model": "todolist", 
    "name": "todo list", 
    "app_label": "cosinnus_todo"
  }
},
{
  "pk": 74, 
  "model": "contenttypes.contenttype", 
  "fields": {
    "model": "etherpad", 
    "name": "Etherpad", 
    "app_label": "cosinnus_etherpad"
  }
},
{
  "pk": 75, 
  "model": "contenttypes.contenttype", 
  "fields": {
    "model": "event", 
    "name": "Event", 
    "app_label": "cosinnus_event"
  }
},
{
  "pk": 76, 
  "model": "contenttypes.contenttype", 
  "fields": {
    "model": "suggestion", 
    "name": "Suggestion", 
    "app_label": "cosinnus_event"
  }
},
{
  "pk": 77, 
  "model": "contenttypes.contenttype", 
  "fields": {
    "model": "vote", 
    "name": "Vote", 
    "app_label": "cosinnus_event"
  }
},
{
  "pk": 78, 
  "model": "contenttypes.contenttype", 
  "fields": {
    "model": "skillname", 
    "name": "skill name", 
    "app_label": "skillshare"
  }
},
{
  "pk": 79, 
  "model": "contenttypes.contenttype", 
  "fields": {
    "model": "skill", 
    "name": "skill", 
    "app_label": "skillshare"
  }
},
{
  "pk": 80, 
  "model": "contenttypes.contenttype", 
  "fields": {
    "model": "badge", 
    "name": "badge", 
    "app_label": "skillshare"
  }
},
{
  "pk": "1emsfn4cz1sbvk7qmp9zg8wn8l3xnv1e", 
  "model": "sessions.session", 
  "fields": {
    "expire_date": "2015-07-10T07:30:07.923Z", 
    "session_data": "ODlmYTM3YmUwOGFkNWMyNzgyNTBmMGNmMzcxYjQyNjAyYWY1M2ExYTqAAn1xAS4="
  }
},
{
  "pk": "5gipj5r0g81s6anwvqh3uu5bfdy0myve", 
  "model": "sessions.session", 
  "fields": {
    "expire_date": "2015-09-09T12:06:24.883Z", 
    "session_data": "MzE4NDViZjdiMDcwNzE3YTVjNmY2YWY3ODU3MGFlNTMwMTdjNWZjOTqAAn1xAShVEl9hdXRoX3VzZXJfYmFja2VuZHECVSlkamFuZ28uY29udHJpYi5hdXRoLmJhY2tlbmRzLk1vZGVsQmFja2VuZHEDVQ1fYXV0aF91c2VyX2lkcQRLAXUu"
  }
},
{
  "pk": "6q5qjpdzwe8pcgrtejlgn7hs8rqa8e4s", 
  "model": "sessions.session", 
  "fields": {
    "expire_date": "2015-10-01T16:21:46.121Z", 
    "session_data": "MzE4NDViZjdiMDcwNzE3YTVjNmY2YWY3ODU3MGFlNTMwMTdjNWZjOTqAAn1xAShVEl9hdXRoX3VzZXJfYmFja2VuZHECVSlkamFuZ28uY29udHJpYi5hdXRoLmJhY2tlbmRzLk1vZGVsQmFja2VuZHEDVQ1fYXV0aF91c2VyX2lkcQRLAXUu"
  }
},
{
  "pk": "ffwx6fahnwea3kmrxas8z0hbete1r5m9", 
  "model": "sessions.session", 
  "fields": {
    "expire_date": "2015-08-17T21:33:52.272Z", 
    "session_data": "NjNkMzRhMTFhMzU5NDg2MThiMzIyMThkMmFlM2FlNDkxM2NmOWMzMTqAAn1xAShVDmNtc19hZG1pbl9zaXRlSwFVEl9hdXRoX3VzZXJfYmFja2VuZFUpZGphbmdvLmNvbnRyaWIuYXV0aC5iYWNrZW5kcy5Nb2RlbEJhY2tlbmRVDV9hdXRoX3VzZXJfaWRLAXUu"
  }
},
{
  "pk": "j4vasg9fg978o9ll3420ziws984ryrac", 
  "model": "sessions.session", 
  "fields": {
    "expire_date": "2015-07-10T07:29:55.702Z", 
    "session_data": "ODlmYTM3YmUwOGFkNWMyNzgyNTBmMGNmMzcxYjQyNjAyYWY1M2ExYTqAAn1xAS4="
  }
},
{
  "pk": "kemj34jans0z5oesev2wdyop7lrbiimb", 
  "model": "sessions.session", 
  "fields": {
    "expire_date": "2015-12-20T12:35:08.504Z", 
    "session_data": "NTBiMTAwZGIyZWJiOGYxNDNmNWIwMTliZWQ0ODJlOGQ5MDlmOTg0ZTqAAn1xAVgKAAAAdGVzdGNvb2tpZVgGAAAAd29ya2VkcQJzLg=="
  }
},
{
  "pk": "kh53rzhpjbi70772nn9rpu38d6y8hb3g", 
  "model": "sessions.session", 
  "fields": {
    "expire_date": "2015-12-20T19:58:27.815Z", 
    "session_data": "MzE4NDViZjdiMDcwNzE3YTVjNmY2YWY3ODU3MGFlNTMwMTdjNWZjOTqAAn1xAShVEl9hdXRoX3VzZXJfYmFja2VuZHECVSlkamFuZ28uY29udHJpYi5hdXRoLmJhY2tlbmRzLk1vZGVsQmFja2VuZHEDVQ1fYXV0aF91c2VyX2lkcQRLAXUu"
  }
},
{
  "pk": "lx98ukw7hy8mpzyolflcqbh7u5rhlh64", 
  "model": "sessions.session", 
  "fields": {
    "expire_date": "2015-11-10T18:18:43.574Z", 
    "session_data": "MzE4NDViZjdiMDcwNzE3YTVjNmY2YWY3ODU3MGFlNTMwMTdjNWZjOTqAAn1xAShVEl9hdXRoX3VzZXJfYmFja2VuZHECVSlkamFuZ28uY29udHJpYi5hdXRoLmJhY2tlbmRzLk1vZGVsQmFja2VuZHEDVQ1fYXV0aF91c2VyX2lkcQRLAXUu"
  }
},
{
  "pk": "qr0lp6mcqxcb9af0ehcrn6b3k76zqhzj", 
  "model": "sessions.session", 
  "fields": {
    "expire_date": "2015-07-28T15:23:59.774Z", 
    "session_data": "MmZlOTcyY2IyYTg2NDU3MzYwNGU1Y2IwOTM0ZjRjOTBiNTY5ODE3NzqAAn1xAShVDmNtc19hZG1pbl9zaXRlSwFVEl9hdXRoX3VzZXJfYmFja2VuZFUpZGphbmdvLmNvbnRyaWIuYXV0aC5iYWNrZW5kcy5Nb2RlbEJhY2tlbmRVDV9hdXRoX3VzZXJfaWRLAVUUZmlsZXJfbGFzdF9mb2xkZXJfaWRYAQAAADF1Lg=="
  }
},
{
  "pk": 1, 
  "model": "sites.site", 
  "fields": {
    "domain": "ecobasa.local", 
    "name": "ecobasa.local"
  }
},
{
  "pk": 1, 
  "model": "easy_thumbnails.source", 
  "fields": {
    "name": "avatars/genesis-sebastiao-salgado-18_800x600.png", 
    "storage_hash": "f9bde26a1556cd667f742bd34ec7c55e", 
    "modified": "2015-06-26T07:52:22Z"
  }
},
{
  "pk": 2, 
  "model": "easy_thumbnails.source", 
  "fields": {
    "name": "avatars/genesis-sebastiao-salgado-18_800x600_1.png", 
    "storage_hash": "f9bde26a1556cd667f742bd34ec7c55e", 
    "modified": "2015-06-26T07:58:14Z"
  }
},
{
  "pk": 3, 
  "model": "easy_thumbnails.source", 
  "fields": {
    "name": "filer_public/73/6e/736ef570-c6c6-4bc6-8e61-96c9ee7f0813/danube_sun.jpg", 
    "storage_hash": "f9bde26a1556cd667f742bd34ec7c55e", 
    "modified": "2015-07-14T08:55:29Z"
  }
},
{
  "pk": 4, 
  "model": "easy_thumbnails.source", 
  "fields": {
    "name": "filer_public/a7/8f/a78fee33-1c10-4175-9ce5-b010e93891ab/routeplanner.png", 
    "storage_hash": "f9bde26a1556cd667f742bd34ec7c55e", 
    "modified": "2015-07-14T08:55:46Z"
  }
},
{
  "pk": 5, 
  "model": "easy_thumbnails.source", 
  "fields": {
    "name": "blog_images/Coding.png", 
    "storage_hash": "f9bde26a1556cd667f742bd34ec7c55e", 
    "modified": "2015-07-16T12:46:05Z"
  }
},
{
  "pk": 6, 
  "model": "easy_thumbnails.source", 
  "fields": {
    "name": "cosinnus_events/images/Danube_Sun.JPG", 
    "storage_hash": "f9bde26a1556cd667f742bd34ec7c55e", 
    "modified": "2015-09-24T11:30:04Z"
  }
},
{
  "pk": 7, 
  "model": "easy_thumbnails.source", 
  "fields": {
    "name": "cosinnus_events/images/nextgen-neology.png", 
    "storage_hash": "f9bde26a1556cd667f742bd34ec7c55e", 
    "modified": "2015-10-27T17:23:08Z"
  }
},
{
  "pk": 8, 
  "model": "easy_thumbnails.source", 
  "fields": {
    "name": "community_images/nextgen-marker.png", 
    "storage_hash": "f9bde26a1556cd667f742bd34ec7c55e", 
    "modified": "2015-11-12T04:00:15Z"
  }
},
{
  "pk": 9, 
  "model": "easy_thumbnails.source", 
  "fields": {
    "name": "avatars/Bettina_Stender.jpg", 
    "storage_hash": "f9bde26a1556cd667f742bd34ec7c55e", 
    "modified": "2015-11-13T03:47:56Z"
  }
},
{
  "pk": 10, 
  "model": "easy_thumbnails.source", 
  "fields": {
    "name": "avatars/Bettina_Stender_1.jpg", 
    "storage_hash": "f9bde26a1556cd667f742bd34ec7c55e", 
    "modified": "2015-11-13T03:52:37Z"
  }
},
{
  "pk": 11, 
  "model": "easy_thumbnails.source", 
  "fields": {
    "name": "bus_images/Schwalbenschwanzraupe.JPG", 
    "storage_hash": "f9bde26a1556cd667f742bd34ec7c55e", 
    "modified": "2015-11-26T02:39:41Z"
  }
},
{
  "pk": 1, 
  "model": "easy_thumbnails.thumbnail", 
  "fields": {
    "source": 3, 
    "name": "filer_public_thumbnails/filer_public/73/6e/736ef570-c6c6-4bc6-8e61-96c9ee7f0813/danube_sun.jpg__32x32_q85_crop_upscale.jpg", 
    "storage_hash": "f9bde26a1556cd667f742bd34ec7c55e", 
    "modified": "2015-07-14T08:55:31Z"
  }
},
{
  "pk": 2, 
  "model": "easy_thumbnails.thumbnail", 
  "fields": {
    "source": 3, 
    "name": "filer_public_thumbnails/filer_public/73/6e/736ef570-c6c6-4bc6-8e61-96c9ee7f0813/danube_sun.jpg__64x64_q85_crop_upscale.jpg", 
    "storage_hash": "f9bde26a1556cd667f742bd34ec7c55e", 
    "modified": "2015-07-14T08:55:33Z"
  }
},
{
  "pk": 3, 
  "model": "easy_thumbnails.thumbnail", 
  "fields": {
    "source": 3, 
    "name": "filer_public_thumbnails/filer_public/73/6e/736ef570-c6c6-4bc6-8e61-96c9ee7f0813/danube_sun.jpg__48x48_q85_crop_upscale.jpg", 
    "storage_hash": "f9bde26a1556cd667f742bd34ec7c55e", 
    "modified": "2015-07-14T08:55:34Z"
  }
},
{
  "pk": 4, 
  "model": "easy_thumbnails.thumbnail", 
  "fields": {
    "source": 3, 
    "name": "filer_public_thumbnails/filer_public/73/6e/736ef570-c6c6-4bc6-8e61-96c9ee7f0813/danube_sun.jpg__16x16_q85_crop_upscale.jpg", 
    "storage_hash": "f9bde26a1556cd667f742bd34ec7c55e", 
    "modified": "2015-07-14T08:55:36Z"
  }
},
{
  "pk": 5, 
  "model": "easy_thumbnails.thumbnail", 
  "fields": {
    "source": 4, 
    "name": "filer_public_thumbnails/filer_public/a7/8f/a78fee33-1c10-4175-9ce5-b010e93891ab/routeplanner.png__32x32_q85_crop_upscale.jpg", 
    "storage_hash": "f9bde26a1556cd667f742bd34ec7c55e", 
    "modified": "2015-07-14T08:55:46Z"
  }
},
{
  "pk": 6, 
  "model": "easy_thumbnails.thumbnail", 
  "fields": {
    "source": 4, 
    "name": "filer_public_thumbnails/filer_public/a7/8f/a78fee33-1c10-4175-9ce5-b010e93891ab/routeplanner.png__64x64_q85_crop_upscale.jpg", 
    "storage_hash": "f9bde26a1556cd667f742bd34ec7c55e", 
    "modified": "2015-07-14T08:55:46Z"
  }
},
{
  "pk": 7, 
  "model": "easy_thumbnails.thumbnail", 
  "fields": {
    "source": 4, 
    "name": "filer_public_thumbnails/filer_public/a7/8f/a78fee33-1c10-4175-9ce5-b010e93891ab/routeplanner.png__48x48_q85_crop_upscale.jpg", 
    "storage_hash": "f9bde26a1556cd667f742bd34ec7c55e", 
    "modified": "2015-07-14T08:55:46Z"
  }
},
{
  "pk": 8, 
  "model": "easy_thumbnails.thumbnail", 
  "fields": {
    "source": 4, 
    "name": "filer_public_thumbnails/filer_public/a7/8f/a78fee33-1c10-4175-9ce5-b010e93891ab/routeplanner.png__16x16_q85_crop_upscale.jpg", 
    "storage_hash": "f9bde26a1556cd667f742bd34ec7c55e", 
    "modified": "2015-07-14T08:55:46Z"
  }
},
{
  "pk": 9, 
  "model": "easy_thumbnails.thumbnail", 
  "fields": {
    "source": 3, 
    "name": "filer_public_thumbnails/filer_public/73/6e/736ef570-c6c6-4bc6-8e61-96c9ee7f0813/danube_sun.jpg__1920x700_q85_crop_upscale.jpg", 
    "storage_hash": "f9bde26a1556cd667f742bd34ec7c55e", 
    "modified": "2015-07-14T08:56:24Z"
  }
},
{
  "pk": 10, 
  "model": "easy_thumbnails.thumbnail", 
  "fields": {
    "source": 5, 
    "name": "blog_images/Coding.png.1140x400_q85_crop_upscale.png", 
    "storage_hash": "d26becbf46ac48eda79c7a39a13a02dd", 
    "modified": "2015-07-16T12:46:13Z"
  }
},
{
  "pk": 11, 
  "model": "easy_thumbnails.thumbnail", 
  "fields": {
    "source": 6, 
    "name": "cosinnus_events/images/Danube_Sun.JPG.1140x400_q85_crop_upscale.jpg", 
    "storage_hash": "d26becbf46ac48eda79c7a39a13a02dd", 
    "modified": "2015-09-24T11:33:14Z"
  }
},
{
  "pk": 12, 
  "model": "easy_thumbnails.thumbnail", 
  "fields": {
    "source": 6, 
    "name": "cosinnus_events/images/Danube_Sun.JPG.350x250_q85_crop_upscale.jpg", 
    "storage_hash": "d26becbf46ac48eda79c7a39a13a02dd", 
    "modified": "2015-09-24T11:38:32Z"
  }
},
{
  "pk": 13, 
  "model": "easy_thumbnails.thumbnail", 
  "fields": {
    "source": 6, 
    "name": "cosinnus_events/images/Danube_Sun.JPG.175x125_q85_crop_upscale.jpg", 
    "storage_hash": "d26becbf46ac48eda79c7a39a13a02dd", 
    "modified": "2015-09-24T11:40:14Z"
  }
},
{
  "pk": 14, 
  "model": "easy_thumbnails.thumbnail", 
  "fields": {
    "source": 7, 
    "name": "cosinnus_events/images/nextgen-neology.png.1140x400_q85_crop_upscale.png", 
    "storage_hash": "d26becbf46ac48eda79c7a39a13a02dd", 
    "modified": "2015-10-27T17:23:08Z"
  }
},
{
  "pk": 15, 
  "model": "easy_thumbnails.thumbnail", 
  "fields": {
    "source": 7, 
    "name": "cosinnus_events/images/nextgen-neology.png.70x70_q85_crop_upscale.png", 
    "storage_hash": "d26becbf46ac48eda79c7a39a13a02dd", 
    "modified": "2015-10-27T17:23:15Z"
  }
},
{
  "pk": 16, 
  "model": "easy_thumbnails.thumbnail", 
  "fields": {
    "source": 8, 
    "name": "community_images/nextgen-marker.png.1140x400_q85_crop_upscale.png", 
    "storage_hash": "d26becbf46ac48eda79c7a39a13a02dd", 
    "modified": "2015-11-12T04:00:16Z"
  }
},
{
  "pk": 17, 
  "model": "easy_thumbnails.thumbnail", 
  "fields": {
    "source": 8, 
    "name": "community_images/nextgen-marker.png.130x80_q85_crop_upscale.png", 
    "storage_hash": "d26becbf46ac48eda79c7a39a13a02dd", 
    "modified": "2015-11-12T04:00:22Z"
  }
},
{
  "pk": 18, 
  "model": "easy_thumbnails.thumbnail", 
  "fields": {
    "source": 8, 
    "name": "community_images/nextgen-marker.png.300x120_q85_crop_upscale.png", 
    "storage_hash": "d26becbf46ac48eda79c7a39a13a02dd", 
    "modified": "2015-11-12T04:00:22Z"
  }
},
{
  "pk": 19, 
  "model": "easy_thumbnails.thumbnail", 
  "fields": {
    "source": 10, 
    "name": "avatars/Bettina_Stender_1.jpg.200x200_q85_crop_upscale.jpg", 
    "storage_hash": "d26becbf46ac48eda79c7a39a13a02dd", 
    "modified": "2015-11-13T03:53:11Z"
  }
},
{
  "pk": 20, 
  "model": "easy_thumbnails.thumbnail", 
  "fields": {
    "source": 11, 
    "name": "bus_images/Schwalbenschwanzraupe.JPG.200x200_q85_crop_upscale.jpg", 
    "storage_hash": "d26becbf46ac48eda79c7a39a13a02dd", 
    "modified": "2015-11-26T02:39:43Z"
  }
},
{
  "pk": 21, 
  "model": "easy_thumbnails.thumbnail", 
  "fields": {
    "source": 11, 
    "name": "bus_images/Schwalbenschwanzraupe.JPG.350x250_q85_crop_upscale.jpg", 
    "storage_hash": "d26becbf46ac48eda79c7a39a13a02dd", 
    "modified": "2015-11-26T02:52:46Z"
  }
},
{
  "pk": 22, 
  "model": "easy_thumbnails.thumbnail", 
  "fields": {
    "source": 11, 
    "name": "bus_images/Schwalbenschwanzraupe.JPG.175x125_q85_crop_upscale.jpg", 
    "storage_hash": "d26becbf46ac48eda79c7a39a13a02dd", 
    "modified": "2015-11-26T02:52:57Z"
  }
},
{
  "pk": 23, 
  "model": "easy_thumbnails.thumbnail", 
  "fields": {
    "source": 11, 
    "name": "bus_images/Schwalbenschwanzraupe.JPG.250x200_q85_crop_upscale.jpg", 
    "storage_hash": "d26becbf46ac48eda79c7a39a13a02dd", 
    "modified": "2015-11-26T02:53:21Z"
  }
},
{
  "pk": 24, 
  "model": "easy_thumbnails.thumbnail", 
  "fields": {
    "source": 11, 
    "name": "bus_images/Schwalbenschwanzraupe.JPG.265x200_q85_crop_upscale.jpg", 
    "storage_hash": "d26becbf46ac48eda79c7a39a13a02dd", 
    "modified": "2015-11-26T02:54:08Z"
  }
},
{
  "pk": 25, 
  "model": "easy_thumbnails.thumbnail", 
  "fields": {
    "source": 11, 
    "name": "bus_images/Schwalbenschwanzraupe.JPG.600x400_q85_crop_upscale.jpg", 
    "storage_hash": "d26becbf46ac48eda79c7a39a13a02dd", 
    "modified": "2015-11-26T04:40:46Z"
  }
},
{
  "pk": 26, 
  "model": "easy_thumbnails.thumbnail", 
  "fields": {
    "source": 11, 
    "name": "bus_images/Schwalbenschwanzraupe.JPG.600x300_q85_crop_upscale.jpg", 
    "storage_hash": "d26becbf46ac48eda79c7a39a13a02dd", 
    "modified": "2015-11-26T04:42:07Z"
  }
},
{
  "pk": 27, 
  "model": "easy_thumbnails.thumbnail", 
  "fields": {
    "source": 1, 
    "name": "avatars/genesis-sebastiao-salgado-18_800x600.png.64x64_q85_crop_upscale.png", 
    "storage_hash": "d26becbf46ac48eda79c7a39a13a02dd", 
    "modified": "2015-12-06T12:29:18Z"
  }
},
{
  "pk": 28, 
  "model": "easy_thumbnails.thumbnail", 
  "fields": {
    "source": 2, 
    "name": "avatars/genesis-sebastiao-salgado-18_800x600_1.png.64x64_q85_crop_upscale.png", 
    "storage_hash": "d26becbf46ac48eda79c7a39a13a02dd", 
    "modified": "2015-12-06T12:29:18Z"
  }
},
{
  "pk": 1, 
  "model": "south.migrationhistory", 
  "fields": {
    "applied": "2015-06-26T07:29:20.391Z", 
    "app_name": "cosinnus", 
    "migration": "0001_initial"
  }
},
{
  "pk": 2, 
  "model": "south.migrationhistory", 
  "fields": {
    "applied": "2015-06-26T07:29:20.568Z", 
    "app_name": "cosinnus", 
    "migration": "0002_auto__add_userprofile"
  }
},
{
  "pk": 3, 
  "model": "south.migrationhistory", 
  "fields": {
    "applied": "2015-06-26T07:29:20.607Z", 
    "app_name": "cosinnus", 
    "migration": "0003_auto__add_tagobject"
  }
},
{
  "pk": 4, 
  "model": "south.migrationhistory", 
  "fields": {
    "applied": "2015-06-26T07:29:20.765Z", 
    "app_name": "cosinnus", 
    "migration": "0004_auto__add_cosinnusgroup__chg_field_groupadmin_group"
  }
},
{
  "pk": 5, 
  "model": "south.migrationhistory", 
  "fields": {
    "applied": "2015-06-26T07:29:20.807Z", 
    "app_name": "cosinnus", 
    "migration": "0005_auto__add_field_tagobject_public"
  }
},
{
  "pk": 6, 
  "model": "south.migrationhistory", 
  "fields": {
    "applied": "2015-06-26T07:29:20.901Z", 
    "app_name": "cosinnus", 
    "migration": "0006_auto__del_groupadmin__del_unique_groupadmin_user_group__add_cosinnusgr"
  }
},
{
  "pk": 7, 
  "model": "south.migrationhistory", 
  "fields": {
    "applied": "2015-06-26T07:29:20.955Z", 
    "app_name": "cosinnus", 
    "migration": "0007_auto__add_attachedobject__add_unique_attachedobject_content_type_objec"
  }
},
{
  "pk": 8, 
  "model": "south.migrationhistory", 
  "fields": {
    "applied": "2015-06-26T07:29:20.990Z", 
    "app_name": "cosinnus", 
    "migration": "0008_auto__add_unique_cosinnusgroup_slug"
  }
},
{
  "pk": 9, 
  "model": "south.migrationhistory", 
  "fields": {
    "applied": "2015-06-26T07:29:21.068Z", 
    "app_name": "cosinnus", 
    "migration": "0009_auto__add_widgetconfigitem__add_widgetconfig"
  }
},
{
  "pk": 10, 
  "model": "south.migrationhistory", 
  "fields": {
    "applied": "2015-06-26T07:29:21.145Z", 
    "app_name": "cosinnus", 
    "migration": "0010_auto__add_index_widgetconfigitem_config_key__add_unique_widgetconfigit"
  }
},
{
  "pk": 11, 
  "model": "south.migrationhistory", 
  "fields": {
    "applied": "2015-06-26T07:29:21.208Z", 
    "app_name": "cosinnus", 
    "migration": "0011_auto__add_field_userprofile_avatar"
  }
},
{
  "pk": 12, 
  "model": "south.migrationhistory", 
  "fields": {
    "applied": "2015-06-26T07:29:21.285Z", 
    "app_name": "cosinnus", 
    "migration": "0012_auto__ren_field_tagobject_place__ren_field_tagobject_name__ren_field_t"
  }
},
{
  "pk": 13, 
  "model": "south.migrationhistory", 
  "fields": {
    "applied": "2015-06-26T07:29:21.338Z", 
    "app_name": "cosinnus", 
    "migration": "0013_auto__add_field_cosinnusgroup_media_tag"
  }
},
{
  "pk": 14, 
  "model": "south.migrationhistory", 
  "fields": {
    "applied": "2015-06-26T07:29:21.408Z", 
    "app_name": "cosinnus", 
    "migration": "0014_auto__add_field_cosinnusgroup_description"
  }
},
{
  "pk": 15, 
  "model": "south.migrationhistory", 
  "fields": {
    "applied": "2015-06-26T07:29:21.489Z", 
    "app_name": "cosinnus", 
    "migration": "0015_auto__add_field_tagobject_visibility"
  }
},
{
  "pk": 16, 
  "model": "south.migrationhistory", 
  "fields": {
    "applied": "2015-06-26T07:29:22.018Z", 
    "app_name": "cosinnus_message", 
    "migration": "0001_initial"
  }
},
{
  "pk": 17, 
  "model": "south.migrationhistory", 
  "fields": {
    "applied": "2015-06-26T07:29:22.205Z", 
    "app_name": "cosinnus_message", 
    "migration": "0002_auto__add_field_message_creator__add_field_message_created"
  }
},
{
  "pk": 18, 
  "model": "south.migrationhistory", 
  "fields": {
    "applied": "2015-06-26T07:29:22.251Z", 
    "app_name": "cosinnus_message", 
    "migration": "0003_data_creator_created"
  }
},
{
  "pk": 19, 
  "model": "south.migrationhistory", 
  "fields": {
    "applied": "2015-06-26T07:29:22.293Z", 
    "app_name": "cosinnus_message", 
    "migration": "0004_auto__del_field_message_created_on__del_field_message_author"
  }
},
{
  "pk": 20, 
  "model": "south.migrationhistory", 
  "fields": {
    "applied": "2015-06-26T07:29:22.352Z", 
    "app_name": "cosinnus_message", 
    "migration": "0005_auto__add_field_message_isbroadcast"
  }
},
{
  "pk": 21, 
  "model": "south.migrationhistory", 
  "fields": {
    "applied": "2015-06-26T07:29:22.419Z", 
    "app_name": "cosinnus_message", 
    "migration": "0006_auto__add_field_message_isprivate"
  }
},
{
  "pk": 22, 
  "model": "south.migrationhistory", 
  "fields": {
    "applied": "2015-06-26T07:29:22.463Z", 
    "app_name": "cosinnus_message", 
    "migration": "0007_auto__add_unique_message_group_slug"
  }
},
{
  "pk": 23, 
  "model": "south.migrationhistory", 
  "fields": {
    "applied": "2015-06-26T07:29:22.565Z", 
    "app_name": "cosinnus_message", 
    "migration": "0008_auto__del_message__del_unique_message_group_slug"
  }
},
{
  "pk": 24, 
  "model": "south.migrationhistory", 
  "fields": {
    "applied": "2015-06-26T07:29:22.943Z", 
    "app_name": "cosinnus_note", 
    "migration": "0001_initial"
  }
},
{
  "pk": 25, 
  "model": "south.migrationhistory", 
  "fields": {
    "applied": "2015-06-26T07:29:23.150Z", 
    "app_name": "cosinnus_note", 
    "migration": "0002_auto__chg_field_note_group__del_unique_note_group_slug"
  }
},
{
  "pk": 26, 
  "model": "south.migrationhistory", 
  "fields": {
    "applied": "2015-06-26T07:29:23.208Z", 
    "app_name": "cosinnus_note", 
    "migration": "0003_auto__add_field_note_video"
  }
},
{
  "pk": 27, 
  "model": "south.migrationhistory", 
  "fields": {
    "applied": "2015-06-26T07:29:23.329Z", 
    "app_name": "cosinnus_note", 
    "migration": "0004_auto__add_field_note_creator__add_field_note_created"
  }
},
{
  "pk": 28, 
  "model": "south.migrationhistory", 
  "fields": {
    "applied": "2015-06-26T07:29:23.377Z", 
    "app_name": "cosinnus_note", 
    "migration": "0005_data_creator_created"
  }
},
{
  "pk": 29, 
  "model": "south.migrationhistory", 
  "fields": {
    "applied": "2015-06-26T07:29:23.421Z", 
    "app_name": "cosinnus_note", 
    "migration": "0006_auto__del_field_note_created_on__del_field_note_author"
  }
},
{
  "pk": 30, 
  "model": "south.migrationhistory", 
  "fields": {
    "applied": "2015-06-26T07:29:23.488Z", 
    "app_name": "cosinnus_note", 
    "migration": "0007_auto__add_unique_note_group_slug"
  }
},
{
  "pk": 31, 
  "model": "south.migrationhistory", 
  "fields": {
    "applied": "2015-06-26T07:29:23.992Z", 
    "app_name": "cosinnus_note", 
    "migration": "0008_auto__add_field_note_image"
  }
},
{
  "pk": 32, 
  "model": "south.migrationhistory", 
  "fields": {
    "applied": "2015-06-26T07:29:24.254Z", 
    "app_name": "easy_thumbnails", 
    "migration": "0001_initial"
  }
},
{
  "pk": 33, 
  "model": "south.migrationhistory", 
  "fields": {
    "applied": "2015-06-26T07:29:24.272Z", 
    "app_name": "easy_thumbnails", 
    "migration": "0002_filename_indexes"
  }
},
{
  "pk": 34, 
  "model": "south.migrationhistory", 
  "fields": {
    "applied": "2015-06-26T07:29:24.300Z", 
    "app_name": "easy_thumbnails", 
    "migration": "0003_auto__add_storagenew"
  }
},
{
  "pk": 35, 
  "model": "south.migrationhistory", 
  "fields": {
    "applied": "2015-06-26T07:29:24.332Z", 
    "app_name": "easy_thumbnails", 
    "migration": "0004_auto__add_field_source_storage_new__add_field_thumbnail_storage_new"
  }
},
{
  "pk": 36, 
  "model": "south.migrationhistory", 
  "fields": {
    "applied": "2015-06-26T07:29:24.491Z", 
    "app_name": "easy_thumbnails", 
    "migration": "0005_storage_fks_null"
  }
},
{
  "pk": 37, 
  "model": "south.migrationhistory", 
  "fields": {
    "applied": "2015-06-26T07:29:24.509Z", 
    "app_name": "easy_thumbnails", 
    "migration": "0006_copy_storage"
  }
},
{
  "pk": 38, 
  "model": "south.migrationhistory", 
  "fields": {
    "applied": "2015-06-26T07:29:24.655Z", 
    "app_name": "easy_thumbnails", 
    "migration": "0007_storagenew_fks_not_null"
  }
},
{
  "pk": 39, 
  "model": "south.migrationhistory", 
  "fields": {
    "applied": "2015-06-26T07:29:24.674Z", 
    "app_name": "easy_thumbnails", 
    "migration": "0008_auto__del_field_source_storage__del_field_thumbnail_storage"
  }
},
{
  "pk": 40, 
  "model": "south.migrationhistory", 
  "fields": {
    "applied": "2015-06-26T07:29:24.690Z", 
    "app_name": "easy_thumbnails", 
    "migration": "0009_auto__del_storage"
  }
},
{
  "pk": 41, 
  "model": "south.migrationhistory", 
  "fields": {
    "applied": "2015-06-26T07:29:24.717Z", 
    "app_name": "easy_thumbnails", 
    "migration": "0010_rename_storage"
  }
},
{
  "pk": 42, 
  "model": "south.migrationhistory", 
  "fields": {
    "applied": "2015-06-26T07:29:24.747Z", 
    "app_name": "easy_thumbnails", 
    "migration": "0011_auto__add_field_source_storage_hash__add_field_thumbnail_storage_hash"
  }
},
{
  "pk": 43, 
  "model": "south.migrationhistory", 
  "fields": {
    "applied": "2015-06-26T07:29:24.764Z", 
    "app_name": "easy_thumbnails", 
    "migration": "0012_build_storage_hashes"
  }
},
{
  "pk": 44, 
  "model": "south.migrationhistory", 
  "fields": {
    "applied": "2015-06-26T07:29:24.785Z", 
    "app_name": "easy_thumbnails", 
    "migration": "0013_auto__del_storage__del_field_source_storage__del_field_thumbnail_stora"
  }
},
{
  "pk": 45, 
  "model": "south.migrationhistory", 
  "fields": {
    "applied": "2015-06-26T07:29:24.804Z", 
    "app_name": "easy_thumbnails", 
    "migration": "0014_auto__add_unique_source_name_storage_hash__add_unique_thumbnail_name_s"
  }
},
{
  "pk": 46, 
  "model": "south.migrationhistory", 
  "fields": {
    "applied": "2015-06-26T07:29:24.847Z", 
    "app_name": "easy_thumbnails", 
    "migration": "0015_auto__del_unique_thumbnail_name_storage_hash__add_unique_thumbnail_sou"
  }
},
{
  "pk": 47, 
  "model": "south.migrationhistory", 
  "fields": {
    "applied": "2015-06-26T07:29:25.271Z", 
    "app_name": "taggit", 
    "migration": "0001_initial"
  }
},
{
  "pk": 48, 
  "model": "south.migrationhistory", 
  "fields": {
    "applied": "2015-06-26T07:29:25.290Z", 
    "app_name": "taggit", 
    "migration": "0002_unique_tagnames"
  }
},
{
  "pk": 49, 
  "model": "south.migrationhistory", 
  "fields": {
    "applied": "2015-06-26T07:29:25.682Z", 
    "app_name": "filer", 
    "migration": "0001_initial"
  }
},
{
  "pk": 50, 
  "model": "south.migrationhistory", 
  "fields": {
    "applied": "2015-06-26T07:29:25.763Z", 
    "app_name": "filer", 
    "migration": "0002_rename_file_field"
  }
},
{
  "pk": 51, 
  "model": "south.migrationhistory", 
  "fields": {
    "applied": "2015-06-26T07:29:25.810Z", 
    "app_name": "filer", 
    "migration": "0003_add_description_field"
  }
},
{
  "pk": 52, 
  "model": "south.migrationhistory", 
  "fields": {
    "applied": "2015-06-26T07:29:25.896Z", 
    "app_name": "filer", 
    "migration": "0004_auto__del_field_file__file__add_field_file_file__add_field_file_is_pub"
  }
},
{
  "pk": 53, 
  "model": "south.migrationhistory", 
  "fields": {
    "applied": "2015-06-26T07:29:26.009Z", 
    "app_name": "filer", 
    "migration": "0005_auto__add_field_file_sha1__chg_field_file_file"
  }
},
{
  "pk": 54, 
  "model": "south.migrationhistory", 
  "fields": {
    "applied": "2015-06-26T07:29:26.068Z", 
    "app_name": "filer", 
    "migration": "0006_polymorphic__add_field_file_polymorphic_ctype"
  }
},
{
  "pk": 55, 
  "model": "south.migrationhistory", 
  "fields": {
    "applied": "2015-06-26T07:29:26.117Z", 
    "app_name": "filer", 
    "migration": "0007_polymorphic__content_type_data"
  }
},
{
  "pk": 56, 
  "model": "south.migrationhistory", 
  "fields": {
    "applied": "2015-06-26T07:29:26.169Z", 
    "app_name": "filer", 
    "migration": "0008_polymorphic__del_field_file__file_type_plugin_name"
  }
},
{
  "pk": 57, 
  "model": "south.migrationhistory", 
  "fields": {
    "applied": "2015-06-26T07:29:26.215Z", 
    "app_name": "filer", 
    "migration": "0009_auto__add_field_folderpermission_can_edit_new__add_field_folderpermiss"
  }
},
{
  "pk": 58, 
  "model": "south.migrationhistory", 
  "fields": {
    "applied": "2015-06-26T07:29:26.267Z", 
    "app_name": "filer", 
    "migration": "0010_folderpermissions"
  }
},
{
  "pk": 59, 
  "model": "south.migrationhistory", 
  "fields": {
    "applied": "2015-06-26T07:29:26.316Z", 
    "app_name": "filer", 
    "migration": "0011_auto__del_field_folderpermission_can_add_children__del_field_folderper"
  }
},
{
  "pk": 60, 
  "model": "south.migrationhistory", 
  "fields": {
    "applied": "2015-06-26T07:29:26.397Z", 
    "app_name": "filer", 
    "migration": "0012_renaming_folderpermissions"
  }
},
{
  "pk": 61, 
  "model": "south.migrationhistory", 
  "fields": {
    "applied": "2015-06-26T07:29:26.450Z", 
    "app_name": "filer", 
    "migration": "0013_remove_null_file_name"
  }
},
{
  "pk": 62, 
  "model": "south.migrationhistory", 
  "fields": {
    "applied": "2015-06-26T07:29:26.549Z", 
    "app_name": "filer", 
    "migration": "0014_auto__add_field_image_related_url__chg_field_file_name"
  }
},
{
  "pk": 63, 
  "model": "south.migrationhistory", 
  "fields": {
    "applied": "2015-06-26T07:29:27.402Z", 
    "app_name": "cms", 
    "migration": "0001_initial"
  }
},
{
  "pk": 64, 
  "model": "south.migrationhistory", 
  "fields": {
    "applied": "2015-06-26T07:29:27.474Z", 
    "app_name": "cms", 
    "migration": "0002_auto_start"
  }
},
{
  "pk": 65, 
  "model": "south.migrationhistory", 
  "fields": {
    "applied": "2015-06-26T07:29:27.543Z", 
    "app_name": "cms", 
    "migration": "0003_remove_placeholder"
  }
},
{
  "pk": 66, 
  "model": "south.migrationhistory", 
  "fields": {
    "applied": "2015-06-26T07:29:27.629Z", 
    "app_name": "cms", 
    "migration": "0004_textobjects"
  }
},
{
  "pk": 67, 
  "model": "south.migrationhistory", 
  "fields": {
    "applied": "2015-06-26T07:29:27.695Z", 
    "app_name": "cms", 
    "migration": "0005_mptt_added_to_plugins"
  }
},
{
  "pk": 68, 
  "model": "south.migrationhistory", 
  "fields": {
    "applied": "2015-06-26T07:29:27.769Z", 
    "app_name": "cms", 
    "migration": "0006_apphook"
  }
},
{
  "pk": 69, 
  "model": "south.migrationhistory", 
  "fields": {
    "applied": "2015-06-26T07:29:27.872Z", 
    "app_name": "cms", 
    "migration": "0007_apphook_longer"
  }
},
{
  "pk": 70, 
  "model": "south.migrationhistory", 
  "fields": {
    "applied": "2015-06-26T07:29:27.942Z", 
    "app_name": "cms", 
    "migration": "0008_redirects"
  }
},
{
  "pk": 71, 
  "model": "south.migrationhistory", 
  "fields": {
    "applied": "2015-06-26T07:29:28.058Z", 
    "app_name": "cms", 
    "migration": "0009_added_meta_fields"
  }
},
{
  "pk": 72, 
  "model": "south.migrationhistory", 
  "fields": {
    "applied": "2015-06-26T07:29:28.129Z", 
    "app_name": "cms", 
    "migration": "0010_5char_language"
  }
},
{
  "pk": 73, 
  "model": "south.migrationhistory", 
  "fields": {
    "applied": "2015-06-26T07:29:28.212Z", 
    "app_name": "cms", 
    "migration": "0011_title_overwrites"
  }
},
{
  "pk": 74, 
  "model": "south.migrationhistory", 
  "fields": {
    "applied": "2015-06-26T07:29:28.287Z", 
    "app_name": "cms", 
    "migration": "0012_publisher"
  }
},
{
  "pk": 75, 
  "model": "south.migrationhistory", 
  "fields": {
    "applied": "2015-06-26T07:29:28.358Z", 
    "app_name": "cms", 
    "migration": "0013_site_copy"
  }
},
{
  "pk": 76, 
  "model": "south.migrationhistory", 
  "fields": {
    "applied": "2015-06-26T07:29:28.770Z", 
    "app_name": "cms", 
    "migration": "0014_sites_removed"
  }
},
{
  "pk": 77, 
  "model": "south.migrationhistory", 
  "fields": {
    "applied": "2015-06-26T07:29:28.837Z", 
    "app_name": "cms", 
    "migration": "0015_modified_by_added"
  }
},
{
  "pk": 78, 
  "model": "south.migrationhistory", 
  "fields": {
    "applied": "2015-06-26T07:29:28.937Z", 
    "app_name": "cms", 
    "migration": "0016_author_copy"
  }
},
{
  "pk": 79, 
  "model": "south.migrationhistory", 
  "fields": {
    "applied": "2015-06-26T07:29:29.012Z", 
    "app_name": "cms", 
    "migration": "0017_author_removed"
  }
},
{
  "pk": 80, 
  "model": "south.migrationhistory", 
  "fields": {
    "applied": "2015-06-26T07:29:29.108Z", 
    "app_name": "cms", 
    "migration": "0018_site_permissions"
  }
},
{
  "pk": 81, 
  "model": "south.migrationhistory", 
  "fields": {
    "applied": "2015-06-26T07:29:29.296Z", 
    "app_name": "cms", 
    "migration": "0019_public_table_renames"
  }
},
{
  "pk": 82, 
  "model": "south.migrationhistory", 
  "fields": {
    "applied": "2015-06-26T07:29:29.418Z", 
    "app_name": "cms", 
    "migration": "0020_advanced_permissions"
  }
},
{
  "pk": 83, 
  "model": "south.migrationhistory", 
  "fields": {
    "applied": "2015-06-26T07:29:29.559Z", 
    "app_name": "cms", 
    "migration": "0021_publisher2"
  }
},
{
  "pk": 84, 
  "model": "south.migrationhistory", 
  "fields": {
    "applied": "2015-06-26T07:29:29.634Z", 
    "app_name": "cms", 
    "migration": "0022_login_required_added"
  }
},
{
  "pk": 85, 
  "model": "south.migrationhistory", 
  "fields": {
    "applied": "2015-06-26T07:29:29.701Z", 
    "app_name": "cms", 
    "migration": "0023_plugin_table_naming_function_changed"
  }
},
{
  "pk": 86, 
  "model": "south.migrationhistory", 
  "fields": {
    "applied": "2015-06-26T07:29:29.772Z", 
    "app_name": "cms", 
    "migration": "0024_added_placeholder_model"
  }
},
{
  "pk": 87, 
  "model": "south.migrationhistory", 
  "fields": {
    "applied": "2015-06-26T07:29:29.863Z", 
    "app_name": "cms", 
    "migration": "0025_placeholder_migration"
  }
},
{
  "pk": 88, 
  "model": "south.migrationhistory", 
  "fields": {
    "applied": "2015-06-26T07:29:29.929Z", 
    "app_name": "cms", 
    "migration": "0026_finish_placeholder_migration"
  }
},
{
  "pk": 89, 
  "model": "south.migrationhistory", 
  "fields": {
    "applied": "2015-06-26T07:29:30.004Z", 
    "app_name": "cms", 
    "migration": "0027_added_width_to_placeholder"
  }
},
{
  "pk": 90, 
  "model": "south.migrationhistory", 
  "fields": {
    "applied": "2015-06-26T07:29:30.104Z", 
    "app_name": "cms", 
    "migration": "0028_limit_visibility_in_menu_step1of3"
  }
},
{
  "pk": 91, 
  "model": "south.migrationhistory", 
  "fields": {
    "applied": "2015-06-26T07:29:30.185Z", 
    "app_name": "cms", 
    "migration": "0029_limit_visibility_in_menu_step2of3_data"
  }
},
{
  "pk": 92, 
  "model": "south.migrationhistory", 
  "fields": {
    "applied": "2015-06-26T07:29:30.253Z", 
    "app_name": "cms", 
    "migration": "0030_limit_visibility_in_menu_step3of3"
  }
},
{
  "pk": 93, 
  "model": "south.migrationhistory", 
  "fields": {
    "applied": "2015-06-26T07:29:30.328Z", 
    "app_name": "cms", 
    "migration": "0031_improved_language_code_support"
  }
},
{
  "pk": 94, 
  "model": "south.migrationhistory", 
  "fields": {
    "applied": "2015-06-26T07:29:30.490Z", 
    "app_name": "cms", 
    "migration": "0032_auto__del_field_cmsplugin_publisher_public__del_field_cmsplugin_publis"
  }
},
{
  "pk": 95, 
  "model": "south.migrationhistory", 
  "fields": {
    "applied": "2015-06-26T07:29:30.558Z", 
    "app_name": "cms", 
    "migration": "0033_auto__del_field_title_publisher_is_draft__del_field_title_publisher_st"
  }
},
{
  "pk": 96, 
  "model": "south.migrationhistory", 
  "fields": {
    "applied": "2015-06-26T07:29:30.632Z", 
    "app_name": "cms", 
    "migration": "0034_auto__chg_field_title_language__chg_field_cmsplugin_language__add_fiel"
  }
},
{
  "pk": 97, 
  "model": "south.migrationhistory", 
  "fields": {
    "applied": "2015-06-26T07:29:30.704Z", 
    "app_name": "cms", 
    "migration": "0035_auto__add_field_globalpagepermission_can_view__add_field_pagepermissio"
  }
},
{
  "pk": 98, 
  "model": "south.migrationhistory", 
  "fields": {
    "applied": "2015-06-26T07:29:30.799Z", 
    "app_name": "cms", 
    "migration": "0036_auto__add_field_cmsplugin_changed_date"
  }
},
{
  "pk": 99, 
  "model": "south.migrationhistory", 
  "fields": {
    "applied": "2015-06-26T07:29:30.880Z", 
    "app_name": "cms", 
    "migration": "0037_auto__del_pagemoderator__del_field_globalpagepermission_can_moderate__"
  }
},
{
  "pk": 100, 
  "model": "south.migrationhistory", 
  "fields": {
    "applied": "2015-06-26T07:29:30.959Z", 
    "app_name": "cms", 
    "migration": "0038_publish_page_permission"
  }
},
{
  "pk": 101, 
  "model": "south.migrationhistory", 
  "fields": {
    "applied": "2015-06-26T07:29:31.153Z", 
    "app_name": "cms", 
    "migration": "0039_auto__del_field_page_moderator_state"
  }
},
{
  "pk": 102, 
  "model": "south.migrationhistory", 
  "fields": {
    "applied": "2015-06-26T07:29:31.823Z", 
    "app_name": "djangocms_text_ckeditor", 
    "migration": "0001_initial"
  }
},
{
  "pk": 103, 
  "model": "south.migrationhistory", 
  "fields": {
    "applied": "2015-06-26T07:29:32.275Z", 
    "app_name": "menus", 
    "migration": "0001_initial"
  }
},
{
  "pk": 104, 
  "model": "south.migrationhistory", 
  "fields": {
    "applied": "2015-06-26T07:29:32.870Z", 
    "app_name": "link", 
    "migration": "0001_initial"
  }
},
{
  "pk": 105, 
  "model": "south.migrationhistory", 
  "fields": {
    "applied": "2015-06-26T07:29:32.903Z", 
    "app_name": "link", 
    "migration": "0002_link_rename"
  }
},
{
  "pk": 106, 
  "model": "south.migrationhistory", 
  "fields": {
    "applied": "2015-06-26T07:29:32.930Z", 
    "app_name": "link", 
    "migration": "0003_page_link"
  }
},
{
  "pk": 107, 
  "model": "south.migrationhistory", 
  "fields": {
    "applied": "2015-06-26T07:29:32.955Z", 
    "app_name": "link", 
    "migration": "0004_larger_link_names"
  }
},
{
  "pk": 108, 
  "model": "south.migrationhistory", 
  "fields": {
    "applied": "2015-06-26T07:29:32.981Z", 
    "app_name": "link", 
    "migration": "0005_publisher"
  }
},
{
  "pk": 109, 
  "model": "south.migrationhistory", 
  "fields": {
    "applied": "2015-06-26T07:29:33.006Z", 
    "app_name": "link", 
    "migration": "0006_table_rename"
  }
},
{
  "pk": 110, 
  "model": "south.migrationhistory", 
  "fields": {
    "applied": "2015-06-26T07:29:33.034Z", 
    "app_name": "link", 
    "migration": "0007_publisher2"
  }
},
{
  "pk": 111, 
  "model": "south.migrationhistory", 
  "fields": {
    "applied": "2015-06-26T07:29:33.074Z", 
    "app_name": "link", 
    "migration": "0008_mailto"
  }
},
{
  "pk": 112, 
  "model": "south.migrationhistory", 
  "fields": {
    "applied": "2015-06-26T07:29:33.099Z", 
    "app_name": "link", 
    "migration": "0009_add_target"
  }
},
{
  "pk": 113, 
  "model": "south.migrationhistory", 
  "fields": {
    "applied": "2015-06-26T07:29:33.350Z", 
    "app_name": "cmsplugin_filer_folder", 
    "migration": "0001_initial"
  }
},
{
  "pk": 114, 
  "model": "south.migrationhistory", 
  "fields": {
    "applied": "2015-06-26T07:29:33.957Z", 
    "app_name": "cmsplugin_filer_file", 
    "migration": "0001_initial"
  }
},
{
  "pk": 115, 
  "model": "south.migrationhistory", 
  "fields": {
    "applied": "2015-06-26T07:29:34.007Z", 
    "app_name": "cmsplugin_filer_file", 
    "migration": "0002_auto__add_field_filerfile_target_blank"
  }
},
{
  "pk": 116, 
  "model": "south.migrationhistory", 
  "fields": {
    "applied": "2015-06-26T07:29:34.348Z", 
    "app_name": "cmsplugin_filer_image", 
    "migration": "0001_initial"
  }
},
{
  "pk": 117, 
  "model": "south.migrationhistory", 
  "fields": {
    "applied": "2015-06-26T07:29:34.523Z", 
    "app_name": "cmsplugin_filer_image", 
    "migration": "0002_auto__add_field_filerimage_image_url__chg_field_filerimage_image"
  }
},
{
  "pk": 118, 
  "model": "south.migrationhistory", 
  "fields": {
    "applied": "2015-06-26T07:29:34.605Z", 
    "app_name": "cmsplugin_filer_image", 
    "migration": "0003_auto__add_thumbnailoption__add_field_filerimage_thumbnail_option"
  }
},
{
  "pk": 119, 
  "model": "south.migrationhistory", 
  "fields": {
    "applied": "2015-06-26T07:29:34.710Z", 
    "app_name": "cmsplugin_filer_image", 
    "migration": "0004_auto__del_field_thumbnailoption_is_scaled__del_field_thumbnailoption_i"
  }
},
{
  "pk": 120, 
  "model": "south.migrationhistory", 
  "fields": {
    "applied": "2015-06-26T07:29:34.951Z", 
    "app_name": "cmsplugin_filer_image", 
    "migration": "0005_rename_float_to_alignment"
  }
},
{
  "pk": 121, 
  "model": "south.migrationhistory", 
  "fields": {
    "applied": "2015-06-26T07:29:35.283Z", 
    "app_name": "cmsplugin_filer_image", 
    "migration": "0006_auto__add_field_filerimage_original_link"
  }
},
{
  "pk": 122, 
  "model": "south.migrationhistory", 
  "fields": {
    "applied": "2015-06-26T07:29:35.455Z", 
    "app_name": "cmsplugin_filer_image", 
    "migration": "0007_rename_caption_to_caption_text"
  }
},
{
  "pk": 123, 
  "model": "south.migrationhistory", 
  "fields": {
    "applied": "2015-06-26T07:29:35.526Z", 
    "app_name": "cmsplugin_filer_image", 
    "migration": "0008_auto__add_field_filerimage_file_link"
  }
},
{
  "pk": 124, 
  "model": "south.migrationhistory", 
  "fields": {
    "applied": "2015-06-26T07:29:35.608Z", 
    "app_name": "cmsplugin_filer_image", 
    "migration": "0009_auto__add_field_filerimage_use_original_image"
  }
},
{
  "pk": 125, 
  "model": "south.migrationhistory", 
  "fields": {
    "applied": "2015-06-26T07:29:35.692Z", 
    "app_name": "cmsplugin_filer_image", 
    "migration": "0010_auto__add_field_filerimage_target_blank"
  }
},
{
  "pk": 126, 
  "model": "south.migrationhistory", 
  "fields": {
    "applied": "2015-06-26T07:29:36.273Z", 
    "app_name": "cmsplugin_filer_teaser", 
    "migration": "0001_initial"
  }
},
{
  "pk": 127, 
  "model": "south.migrationhistory", 
  "fields": {
    "applied": "2015-06-26T07:29:36.332Z", 
    "app_name": "cmsplugin_filer_teaser", 
    "migration": "0002_add_teaser_style_choice"
  }
},
{
  "pk": 128, 
  "model": "south.migrationhistory", 
  "fields": {
    "applied": "2015-06-26T07:29:36.410Z", 
    "app_name": "cmsplugin_filer_teaser", 
    "migration": "0003_target_blank"
  }
},
{
  "pk": 129, 
  "model": "south.migrationhistory", 
  "fields": {
    "applied": "2015-06-26T07:29:36.470Z", 
    "app_name": "cmsplugin_filer_teaser", 
    "migration": "0004_add_optional_external_image_url"
  }
},
{
  "pk": 130, 
  "model": "south.migrationhistory", 
  "fields": {
    "applied": "2015-06-26T07:29:36.593Z", 
    "app_name": "cmsplugin_filer_teaser", 
    "migration": "0004_auto__chg_field_filerteaser_title"
  }
},
{
  "pk": 131, 
  "model": "south.migrationhistory", 
  "fields": {
    "applied": "2015-06-26T07:29:36.658Z", 
    "app_name": "cmsplugin_filer_teaser", 
    "migration": "0005_auto__add_field_filerteaser_external_image"
  }
},
{
  "pk": 132, 
  "model": "south.migrationhistory", 
  "fields": {
    "applied": "2015-06-26T07:29:36.718Z", 
    "app_name": "cmsplugin_filer_teaser", 
    "migration": "0006_fix_migration_mess"
  }
},
{
  "pk": 133, 
  "model": "south.migrationhistory", 
  "fields": {
    "applied": "2015-06-26T07:29:37.034Z", 
    "app_name": "cmsplugin_filer_video", 
    "migration": "0001_initial"
  }
},
{
  "pk": 134, 
  "model": "south.migrationhistory", 
  "fields": {
    "applied": "2015-06-26T07:29:37.862Z", 
    "app_name": "ecobasa", 
    "migration": "0001_initial"
  }
},
{
  "pk": 135, 
  "model": "south.migrationhistory", 
  "fields": {
    "applied": "2015-06-26T07:29:37.978Z", 
    "app_name": "ecobasa", 
    "migration": "0002_auto__add_ecobasacommunityprofileseed__del_field_ecobasacommunityprofi"
  }
},
{
  "pk": 136, 
  "model": "south.migrationhistory", 
  "fields": {
    "applied": "2015-06-26T07:29:38.146Z", 
    "app_name": "ecobasa", 
    "migration": "0003_auto__chg_field_ecobasacommunityprofileseed_kind"
  }
},
{
  "pk": 137, 
  "model": "south.migrationhistory", 
  "fields": {
    "applied": "2015-06-26T07:29:38.250Z", 
    "app_name": "ecobasa", 
    "migration": "0004_auto__add_field_ecobasauserprofile_tour_why__add_field_ecobasauserprof"
  }
},
{
  "pk": 138, 
  "model": "south.migrationhistory", 
  "fields": {
    "applied": "2015-06-26T07:29:38.364Z", 
    "app_name": "ecobasa", 
    "migration": "0005_auto__add_organiserrole"
  }
},
{
  "pk": 139, 
  "model": "south.migrationhistory", 
  "fields": {
    "applied": "2015-06-26T07:29:38.490Z", 
    "app_name": "ecobasa", 
    "migration": "0006_auto__add_field_ecobasacommunityprofile_wishlist_projects"
  }
},
{
  "pk": 140, 
  "model": "south.migrationhistory", 
  "fields": {
    "applied": "2015-06-26T07:29:38.608Z", 
    "app_name": "ecobasa", 
    "migration": "0007_auto__add_taggedwishskill"
  }
},
{
  "pk": 141, 
  "model": "south.migrationhistory", 
  "fields": {
    "applied": "2015-06-26T07:29:38.725Z", 
    "app_name": "ecobasa", 
    "migration": "0008_auto__add_field_ecobasacommunityprofile_contact_location__add_field_ec"
  }
},
{
  "pk": 142, 
  "model": "south.migrationhistory", 
  "fields": {
    "applied": "2015-06-26T07:29:38.850Z", 
    "app_name": "ecobasa", 
    "migration": "0009_auto__add_caravan"
  }
},
{
  "pk": 143, 
  "model": "south.migrationhistory", 
  "fields": {
    "applied": "2015-06-26T07:29:39.017Z", 
    "app_name": "ecobasa", 
    "migration": "0010_auto__add_taggedoffer__del_field_ecobasacommunityprofile_contact_lat__"
  }
},
{
  "pk": 144, 
  "model": "south.migrationhistory", 
  "fields": {
    "applied": "2015-06-26T07:29:39.161Z", 
    "app_name": "ecobasa", 
    "migration": "0011_auto__del_taggedoffer__add_field_ecobasacommunityprofile_website__add_"
  }
},
{
  "pk": 145, 
  "model": "south.migrationhistory", 
  "fields": {
    "applied": "2015-06-26T07:29:39.294Z", 
    "app_name": "ecobasa", 
    "migration": "0012_auto__add_field_ecobasacommunityprofile_video"
  }
},
{
  "pk": 146, 
  "model": "south.migrationhistory", 
  "fields": {
    "applied": "2015-06-26T07:29:39.474Z", 
    "app_name": "ecobasa", 
    "migration": "0013_auto__chg_field_ecobasacommunityprofile_website"
  }
},
{
  "pk": 147, 
  "model": "south.migrationhistory", 
  "fields": {
    "applied": "2015-06-26T07:29:39.627Z", 
    "app_name": "ecobasa", 
    "migration": "0014_auto__add_taggedoffers"
  }
},
{
  "pk": 148, 
  "model": "south.migrationhistory", 
  "fields": {
    "applied": "2015-06-26T07:29:39.780Z", 
    "app_name": "ecobasa", 
    "migration": "0015_auto__add_field_caravan_image"
  }
},
{
  "pk": 149, 
  "model": "south.migrationhistory", 
  "fields": {
    "applied": "2015-06-26T07:29:39.944Z", 
    "app_name": "ecobasa", 
    "migration": "0016_auto__del_field_ecobasauserprofile_tour_how__del_field_ecobasauserprof"
  }
},
{
  "pk": 150, 
  "model": "south.migrationhistory", 
  "fields": {
    "applied": "2015-06-26T07:29:40.198Z", 
    "app_name": "ecobasa", 
    "migration": "0017_auto__add_taggedreferenceservice__add_taggedreferenceproduct__add_tagg"
  }
},
{
  "pk": 151, 
  "model": "south.migrationhistory", 
  "fields": {
    "applied": "2015-06-26T07:29:40.463Z", 
    "app_name": "ecobasa", 
    "migration": "0018_auto__add_taggedoffersmaterial__add_taggedwishtool__add_taggedwishmate"
  }
},
{
  "pk": 152, 
  "model": "south.migrationhistory", 
  "fields": {
    "applied": "2015-06-26T07:29:41.219Z", 
    "app_name": "cosinnus_todo", 
    "migration": "0001_initial"
  }
},
{
  "pk": 153, 
  "model": "south.migrationhistory", 
  "fields": {
    "applied": "2015-06-26T07:29:41.342Z", 
    "app_name": "cosinnus_todo", 
    "migration": "0002_auto__chg_field_todoentry_group"
  }
},
{
  "pk": 154, 
  "model": "south.migrationhistory", 
  "fields": {
    "applied": "2015-06-26T07:29:41.406Z", 
    "app_name": "cosinnus_todo", 
    "migration": "0003_auto"
  }
},
{
  "pk": 155, 
  "model": "south.migrationhistory", 
  "fields": {
    "applied": "2015-06-26T07:29:41.497Z", 
    "app_name": "cosinnus_todo", 
    "migration": "0004_auto__add_field_todoentry_creator__add_field_todoentry_created"
  }
},
{
  "pk": 156, 
  "model": "south.migrationhistory", 
  "fields": {
    "applied": "2015-06-26T07:29:41.544Z", 
    "app_name": "cosinnus_todo", 
    "migration": "0005_data_creator_created"
  }
},
{
  "pk": 157, 
  "model": "south.migrationhistory", 
  "fields": {
    "applied": "2015-06-26T07:29:41.594Z", 
    "app_name": "cosinnus_todo", 
    "migration": "0006_auto__del_field_todoentry_created_date__del_field_todoentry_created_by"
  }
},
{
  "pk": 158, 
  "model": "south.migrationhistory", 
  "fields": {
    "applied": "2015-06-26T07:29:41.676Z", 
    "app_name": "cosinnus_todo", 
    "migration": "0007_auto__add_field_todoentry_is_container__add_field_todoentry_path"
  }
},
{
  "pk": 159, 
  "model": "south.migrationhistory", 
  "fields": {
    "applied": "2015-06-26T07:29:41.723Z", 
    "app_name": "cosinnus_todo", 
    "migration": "0008_auto__del_field_todoentry_is_container__del_field_todoentry_path"
  }
},
{
  "pk": 160, 
  "model": "south.migrationhistory", 
  "fields": {
    "applied": "2015-06-26T07:29:41.812Z", 
    "app_name": "cosinnus_todo", 
    "migration": "0009_auto__add_todolist__add_unique_todolist_group_slug__add_field_todoentr"
  }
},
{
  "pk": 161, 
  "model": "south.migrationhistory", 
  "fields": {
    "applied": "2015-06-26T07:29:41.855Z", 
    "app_name": "cosinnus_todo", 
    "migration": "0010_auto__del_field_todoentry_is_container__del_field_todoentry_path__add_"
  }
},
{
  "pk": 162, 
  "model": "south.migrationhistory", 
  "fields": {
    "applied": "2015-06-26T07:29:42.209Z", 
    "app_name": "cosinnus_etherpad", 
    "migration": "0001_initial"
  }
},
{
  "pk": 163, 
  "model": "south.migrationhistory", 
  "fields": {
    "applied": "2015-06-26T07:29:42.332Z", 
    "app_name": "cosinnus_etherpad", 
    "migration": "0002_auto__chg_field_etherpad_group"
  }
},
{
  "pk": 164, 
  "model": "south.migrationhistory", 
  "fields": {
    "applied": "2015-06-26T07:29:42.392Z", 
    "app_name": "cosinnus_etherpad", 
    "migration": "0003_auto"
  }
},
{
  "pk": 165, 
  "model": "south.migrationhistory", 
  "fields": {
    "applied": "2015-06-26T07:29:42.452Z", 
    "app_name": "cosinnus_etherpad", 
    "migration": "0004_auto__add_field_etherpad_description"
  }
},
{
  "pk": 166, 
  "model": "south.migrationhistory", 
  "fields": {
    "applied": "2015-06-26T07:29:42.518Z", 
    "app_name": "cosinnus_etherpad", 
    "migration": "0005_auto__add_field_etherpad_creator__add_field_etherpad_created"
  }
},
{
  "pk": 167, 
  "model": "south.migrationhistory", 
  "fields": {
    "applied": "2015-06-26T07:29:42.597Z", 
    "app_name": "cosinnus_etherpad", 
    "migration": "0006_auto__add_field_etherpad_is_container__add_field_etherpad_path"
  }
},
{
  "pk": 168, 
  "model": "south.migrationhistory", 
  "fields": {
    "applied": "2015-06-26T07:29:43.726Z", 
    "app_name": "cosinnus_event", 
    "migration": "0001_initial"
  }
},
{
  "pk": 169, 
  "model": "south.migrationhistory", 
  "fields": {
    "applied": "2015-06-26T07:29:43.875Z", 
    "app_name": "cosinnus_event", 
    "migration": "0002_auto__chg_field_event_group"
  }
},
{
  "pk": 170, 
  "model": "south.migrationhistory", 
  "fields": {
    "applied": "2015-06-26T07:29:43.950Z", 
    "app_name": "cosinnus_event", 
    "migration": "0003_auto"
  }
},
{
  "pk": 171, 
  "model": "south.migrationhistory", 
  "fields": {
    "applied": "2015-06-26T07:29:44.023Z", 
    "app_name": "cosinnus_event", 
    "migration": "0004_auto__add_field_event_creator__add_field_event_created"
  }
},
{
  "pk": 172, 
  "model": "south.migrationhistory", 
  "fields": {
    "applied": "2015-06-26T07:29:44.081Z", 
    "app_name": "cosinnus_event", 
    "migration": "0005_data_creator_created"
  }
},
{
  "pk": 173, 
  "model": "south.migrationhistory", 
  "fields": {
    "applied": "2015-06-26T07:29:44.139Z", 
    "app_name": "cosinnus_event", 
    "migration": "0006_auto__del_field_event_created_by"
  }
},
{
  "pk": 174, 
  "model": "south.migrationhistory", 
  "fields": {
    "applied": "2015-06-26T07:29:44.194Z", 
    "app_name": "cosinnus_event", 
    "migration": "0007_auto__add_unique_event_group_slug"
  }
},
{
  "pk": 175, 
  "model": "south.migrationhistory", 
  "fields": {
    "applied": "2015-09-17T16:20:13.855Z", 
    "app_name": "skillshare", 
    "migration": "0001_initial"
  }
},
{
  "pk": 176, 
  "model": "south.migrationhistory", 
  "fields": {
    "applied": "2015-09-25T12:09:24.157Z", 
    "app_name": "ecobasa", 
    "migration": "0019_auto__chg_field_ecobasacommunityprofile_contact_location_lon__chg_fiel"
  }
},
{
  "pk": 177, 
  "model": "south.migrationhistory", 
  "fields": {
    "applied": "2015-10-13T11:54:01.572Z", 
    "app_name": "cosinnus_note", 
    "migration": "0009_auto__chg_field_note_text"
  }
},
{
  "pk": 178, 
  "model": "south.migrationhistory", 
  "fields": {
    "applied": "2015-11-26T02:17:17.357Z", 
    "app_name": "ecobasa", 
    "migration": "0020_auto__add_field_ecobasauserprofile_bus_transport"
  }
},
{
  "pk": 1, 
  "model": "taggit.tag", 
  "fields": {
    "name": "Service 1", 
    "slug": "service-1"
  }
},
{
  "pk": 2, 
  "model": "taggit.tag", 
  "fields": {
    "name": "Service 2", 
    "slug": "service-2"
  }
},
{
  "pk": 3, 
  "model": "taggit.tag", 
  "fields": {
    "name": "Learn skill 1", 
    "slug": "learn-skill-1"
  }
},
{
  "pk": 4, 
  "model": "taggit.tag", 
  "fields": {
    "name": "Learn skill 2", 
    "slug": "learn-skill-2"
  }
},
{
  "pk": 5, 
  "model": "taggit.tag", 
  "fields": {
    "name": "Tag", 
    "slug": "tag"
  }
},
{
  "pk": 34, 
  "model": "taggit.taggeditem", 
  "fields": {
    "tag": 5, 
    "content_type": 72, 
    "object_id": 1
  }
},
{
  "pk": 1, 
  "model": "cms.placeholder", 
  "fields": {
    "slot": "tour_head_image", 
    "default_width": null
  }
},
{
  "pk": 2, 
  "model": "cms.placeholder", 
  "fields": {
    "slot": "tour_headlines", 
    "default_width": null
  }
},
{
  "pk": 3, 
  "model": "cms.placeholder", 
  "fields": {
    "slot": "tour_head_image", 
    "default_width": null
  }
},
{
  "pk": 4, 
  "model": "cms.placeholder", 
  "fields": {
    "slot": "tour_headlines", 
    "default_width": null
  }
},
{
  "pk": 5, 
  "model": "cms.placeholder", 
  "fields": {
    "slot": "head_image", 
    "default_width": null
  }
},
{
  "pk": 6, 
  "model": "cms.placeholder", 
  "fields": {
    "slot": "page", 
    "default_width": null
  }
},
{
  "pk": 7, 
  "model": "cms.placeholder", 
  "fields": {
    "slot": "head_image", 
    "default_width": null
  }
},
{
  "pk": 8, 
  "model": "cms.placeholder", 
  "fields": {
    "slot": "page", 
    "default_width": null
  }
},
{
  "pk": 9, 
  "model": "cms.placeholder", 
  "fields": {
    "slot": "head_image", 
    "default_width": null
  }
},
{
  "pk": 10, 
  "model": "cms.placeholder", 
  "fields": {
    "slot": "page", 
    "default_width": null
  }
},
{
  "pk": 19, 
  "model": "cms.placeholder", 
  "fields": {
    "slot": "head_image", 
    "default_width": null
  }
},
{
  "pk": 20, 
  "model": "cms.placeholder", 
  "fields": {
    "slot": "headlines", 
    "default_width": null
  }
},
{
  "pk": 21, 
  "model": "cms.placeholder", 
  "fields": {
    "slot": "head_image", 
    "default_width": null
  }
},
{
  "pk": 22, 
  "model": "cms.placeholder", 
  "fields": {
    "slot": "headlines", 
    "default_width": null
  }
},
{
  "pk": 29, 
  "model": "cms.placeholder", 
  "fields": {
    "slot": "head_image", 
    "default_width": null
  }
},
{
  "pk": 30, 
  "model": "cms.placeholder", 
  "fields": {
    "slot": "page", 
    "default_width": null
  }
},
{
  "pk": 31, 
  "model": "cms.placeholder", 
  "fields": {
    "slot": "base_content", 
    "default_width": null
  }
},
{
  "pk": 32, 
  "model": "cms.placeholder", 
  "fields": {
    "slot": "fullwidth_slider", 
    "default_width": null
  }
},
{
  "pk": 33, 
  "model": "cms.placeholder", 
  "fields": {
    "slot": "text", 
    "default_width": null
  }
},
{
  "pk": 34, 
  "model": "cms.placeholder", 
  "fields": {
    "slot": "video_text", 
    "default_width": null
  }
},
{
  "pk": 35, 
  "model": "cms.placeholder", 
  "fields": {
    "slot": "fullwith_image", 
    "default_width": null
  }
},
{
  "pk": 36, 
  "model": "cms.placeholder", 
  "fields": {
    "slot": "community-tours", 
    "default_width": null
  }
},
{
  "pk": 37, 
  "model": "cms.placeholder", 
  "fields": {
    "slot": "support", 
    "default_width": null
  }
},
{
  "pk": 38, 
  "model": "cms.placeholder", 
  "fields": {
    "slot": "base_content", 
    "default_width": null
  }
},
{
  "pk": 39, 
  "model": "cms.placeholder", 
  "fields": {
    "slot": "fullwidth_slider", 
    "default_width": null
  }
},
{
  "pk": 40, 
  "model": "cms.placeholder", 
  "fields": {
    "slot": "text", 
    "default_width": null
  }
},
{
  "pk": 41, 
  "model": "cms.placeholder", 
  "fields": {
    "slot": "video_text", 
    "default_width": null
  }
},
{
  "pk": 42, 
  "model": "cms.placeholder", 
  "fields": {
    "slot": "fullwith_image", 
    "default_width": null
  }
},
{
  "pk": 43, 
  "model": "cms.placeholder", 
  "fields": {
    "slot": "community-tours", 
    "default_width": null
  }
},
{
  "pk": 44, 
  "model": "cms.placeholder", 
  "fields": {
    "slot": "support", 
    "default_width": null
  }
},
{
  "pk": 1, 
  "model": "cms.cmsplugin", 
  "fields": {
    "rght": 2, 
    "changed_date": "2015-07-14T08:55:55.785Z", 
    "parent": null, 
    "language": "en", 
    "level": 0, 
    "creation_date": "2015-07-14T08:54:34.332Z", 
    "lft": 1, 
    "tree_id": 1, 
    "position": 0, 
    "placeholder": 1, 
    "plugin_type": "CMSSlideshowPlugin"
  }
},
{
  "pk": 2, 
  "model": "cms.cmsplugin", 
  "fields": {
    "rght": 2, 
    "changed_date": "2015-07-14T08:56:10.660Z", 
    "parent": null, 
    "language": "en", 
    "level": 0, 
    "creation_date": "2015-07-14T08:55:59.117Z", 
    "lft": 1, 
    "tree_id": 2, 
    "position": 0, 
    "placeholder": 2, 
    "plugin_type": "TextPlugin"
  }
},
{
  "pk": 6, 
  "model": "cms.cmsplugin", 
  "fields": {
    "rght": 2, 
    "changed_date": "2015-07-14T09:04:11.885Z", 
    "parent": null, 
    "language": "en", 
    "level": 0, 
    "creation_date": "2015-07-14T09:03:57.331Z", 
    "lft": 1, 
    "tree_id": 6, 
    "position": 0, 
    "placeholder": 6, 
    "plugin_type": "TextPlugin"
  }
},
{
  "pk": 33, 
  "model": "cms.cmsplugin", 
  "fields": {
    "rght": 2, 
    "changed_date": "2015-08-03T21:33:48.361Z", 
    "parent": null, 
    "language": "en", 
    "level": 0, 
    "creation_date": "2015-08-03T21:33:43.004Z", 
    "lft": 1, 
    "tree_id": 10, 
    "position": 0, 
    "placeholder": 10, 
    "plugin_type": "TextPlugin"
  }
},
{
  "pk": 38, 
  "model": "cms.cmsplugin", 
  "fields": {
    "rght": 2, 
    "changed_date": "2015-10-25T18:19:47.047Z", 
    "parent": null, 
    "language": "en", 
    "level": 0, 
    "creation_date": "2015-08-03T21:33:43.004Z", 
    "lft": 1, 
    "tree_id": 11, 
    "position": 0, 
    "placeholder": 30, 
    "plugin_type": "TextPlugin"
  }
},
{
  "pk": 39, 
  "model": "cms.cmsplugin", 
  "fields": {
    "rght": 2, 
    "changed_date": "2015-10-25T18:20:25.912Z", 
    "parent": null, 
    "language": "en", 
    "level": 0, 
    "creation_date": "2015-10-25T18:20:19.916Z", 
    "lft": 1, 
    "tree_id": 12, 
    "position": 0, 
    "placeholder": 20, 
    "plugin_type": "TextPlugin"
  }
},
{
  "pk": 40, 
  "model": "cms.cmsplugin", 
  "fields": {
    "rght": 2, 
    "changed_date": "2015-10-25T18:20:31.257Z", 
    "parent": null, 
    "language": "en", 
    "level": 0, 
    "creation_date": "2015-10-25T18:20:19.916Z", 
    "lft": 1, 
    "tree_id": 13, 
    "position": 0, 
    "placeholder": 22, 
    "plugin_type": "TextPlugin"
  }
},
{
  "pk": 44, 
  "model": "cms.cmsplugin", 
  "fields": {
    "rght": 2, 
    "changed_date": "2015-10-25T18:28:02.252Z", 
    "parent": null, 
    "language": "en", 
    "level": 0, 
    "creation_date": "2015-07-14T08:54:34.332Z", 
    "lft": 1, 
    "tree_id": 14, 
    "position": 0, 
    "placeholder": 3, 
    "plugin_type": "CMSSlideshowPlugin"
  }
},
{
  "pk": 45, 
  "model": "cms.cmsplugin", 
  "fields": {
    "rght": 2, 
    "changed_date": "2015-10-25T18:28:02.341Z", 
    "parent": null, 
    "language": "en", 
    "level": 0, 
    "creation_date": "2015-07-14T08:55:59.117Z", 
    "lft": 1, 
    "tree_id": 15, 
    "position": 0, 
    "placeholder": 4, 
    "plugin_type": "TextPlugin"
  }
},
{
  "pk": 46, 
  "model": "cms.cmsplugin", 
  "fields": {
    "rght": 2, 
    "changed_date": "2015-10-25T18:28:02.426Z", 
    "parent": null, 
    "language": "en", 
    "level": 0, 
    "creation_date": "2015-07-14T09:03:57.331Z", 
    "lft": 1, 
    "tree_id": 16, 
    "position": 0, 
    "placeholder": 8, 
    "plugin_type": "TextPlugin"
  }
},
{
  "pk": 1, 
  "model": "cms.page", 
  "fields": {
    "rght": 3, 
    "navigation_extenders": "", 
    "site": 1, 
    "creation_date": "2015-07-14T08:54:15.447Z", 
    "lft": 2, 
    "in_navigation": false, 
    "reverse_id": null, 
    "login_required": false, 
    "created_by": "arne", 
    "publication_end_date": null, 
    "template": "ecobasa/tour_blog.html", 
    "tree_id": 5, 
    "placeholders": [
      1, 
      2, 
      5, 
      6
    ], 
    "changed_date": "2015-10-25T18:28:02.489Z", 
    "limit_visibility_in_menu": null, 
    "parent": 3, 
    "publisher_state": 0, 
    "soft_root": false, 
    "publication_date": "2015-07-14T08:54:16.274Z", 
    "publisher_public": 2, 
    "level": 1, 
    "changed_by": "arne", 
    "publisher_is_draft": true, 
    "published": true
  }
},
{
  "pk": 2, 
  "model": "cms.page", 
  "fields": {
    "rght": 3, 
    "navigation_extenders": "", 
    "site": 1, 
    "creation_date": "2015-07-14T08:54:20.961Z", 
    "lft": 2, 
    "in_navigation": false, 
    "reverse_id": null, 
    "login_required": false, 
    "created_by": "arne", 
    "publication_end_date": null, 
    "template": "ecobasa/tour_blog.html", 
    "tree_id": 3, 
    "placeholders": [
      3, 
      4, 
      7, 
      8
    ], 
    "changed_date": "2015-10-25T18:28:02.074Z", 
    "limit_visibility_in_menu": null, 
    "parent": 13, 
    "publisher_state": 0, 
    "soft_root": false, 
    "publication_date": "2015-07-14T08:54:16.274Z", 
    "publisher_public": 1, 
    "level": 1, 
    "changed_by": "arne", 
    "publisher_is_draft": false, 
    "published": true
  }
},
{
  "pk": 3, 
  "model": "cms.page", 
  "fields": {
    "rght": 4, 
    "navigation_extenders": "", 
    "site": 1, 
    "creation_date": "2015-08-03T21:31:36.883Z", 
    "lft": 1, 
    "in_navigation": false, 
    "reverse_id": null, 
    "login_required": false, 
    "created_by": "arne", 
    "publication_end_date": null, 
    "template": "ecobasa/about.html", 
    "tree_id": 5, 
    "placeholders": [
      9, 
      10
    ], 
    "changed_date": "2015-10-25T18:19:47.111Z", 
    "limit_visibility_in_menu": null, 
    "parent": null, 
    "publisher_state": 0, 
    "soft_root": false, 
    "publication_date": "2015-10-25T18:19:42.083Z", 
    "publisher_public": 13, 
    "level": 0, 
    "changed_by": "arne", 
    "publisher_is_draft": true, 
    "published": true
  }
},
{
  "pk": 8, 
  "model": "cms.page", 
  "fields": {
    "rght": 3, 
    "navigation_extenders": "", 
    "site": 1, 
    "creation_date": "2015-10-25T18:19:22.351Z", 
    "lft": 2, 
    "in_navigation": false, 
    "reverse_id": null, 
    "login_required": false, 
    "created_by": "arne", 
    "publication_end_date": null, 
    "template": "ecobasa/blog.html", 
    "tree_id": 9, 
    "placeholders": [
      19, 
      20
    ], 
    "changed_date": "2015-10-25T18:27:52.931Z", 
    "limit_visibility_in_menu": null, 
    "parent": 14, 
    "publisher_state": 0, 
    "soft_root": false, 
    "publication_date": "2015-10-25T18:19:21.169Z", 
    "publisher_public": 9, 
    "level": 1, 
    "changed_by": "arne", 
    "publisher_is_draft": true, 
    "published": true
  }
},
{
  "pk": 9, 
  "model": "cms.page", 
  "fields": {
    "rght": 3, 
    "navigation_extenders": "", 
    "site": 1, 
    "creation_date": "2015-10-25T18:19:26.052Z", 
    "lft": 2, 
    "in_navigation": false, 
    "reverse_id": null, 
    "login_required": false, 
    "created_by": "arne", 
    "publication_end_date": null, 
    "template": "ecobasa/blog.html", 
    "tree_id": 8, 
    "placeholders": [
      21, 
      22
    ], 
    "changed_date": "2015-10-25T18:27:53.101Z", 
    "limit_visibility_in_menu": null, 
    "parent": 15, 
    "publisher_state": 0, 
    "soft_root": false, 
    "publication_date": "2015-10-25T18:19:21.169Z", 
    "publisher_public": 8, 
    "level": 1, 
    "changed_by": "arne", 
    "publisher_is_draft": false, 
    "published": true
  }
},
{
  "pk": 13, 
  "model": "cms.page", 
  "fields": {
    "rght": 4, 
    "navigation_extenders": "", 
    "site": 1, 
    "creation_date": "2015-10-25T18:19:46.818Z", 
    "lft": 1, 
    "in_navigation": false, 
    "reverse_id": null, 
    "login_required": false, 
    "created_by": "arne", 
    "publication_end_date": null, 
    "template": "ecobasa/about.html", 
    "tree_id": 3, 
    "placeholders": [
      29, 
      30
    ], 
    "changed_date": "2015-10-25T18:19:46.819Z", 
    "limit_visibility_in_menu": null, 
    "parent": null, 
    "publisher_state": 0, 
    "soft_root": false, 
    "publication_date": "2015-10-25T18:19:41.809Z", 
    "publisher_public": 3, 
    "level": 0, 
    "changed_by": "arne", 
    "publisher_is_draft": false, 
    "published": true
  }
},
{
  "pk": 14, 
  "model": "cms.page", 
  "fields": {
    "rght": 4, 
    "navigation_extenders": "", 
    "site": 1, 
    "creation_date": "2015-10-25T18:27:44.554Z", 
    "lft": 1, 
    "in_navigation": false, 
    "reverse_id": null, 
    "login_required": false, 
    "created_by": "arne", 
    "publication_end_date": null, 
    "template": "start.html", 
    "tree_id": 9, 
    "placeholders": [
      31, 
      32, 
      33, 
      34, 
      35, 
      36, 
      37
    ], 
    "changed_date": "2015-10-25T18:27:49.630Z", 
    "limit_visibility_in_menu": null, 
    "parent": null, 
    "publisher_state": 0, 
    "soft_root": false, 
    "publication_date": "2015-10-25T18:27:44.622Z", 
    "publisher_public": 15, 
    "level": 0, 
    "changed_by": "arne", 
    "publisher_is_draft": true, 
    "published": true
  }
},
{
  "pk": 15, 
  "model": "cms.page", 
  "fields": {
    "rght": 4, 
    "navigation_extenders": "", 
    "site": 1, 
    "creation_date": "2015-10-25T18:27:49.432Z", 
    "lft": 1, 
    "in_navigation": false, 
    "reverse_id": null, 
    "login_required": false, 
    "created_by": "arne", 
    "publication_end_date": null, 
    "template": "start.html", 
    "tree_id": 8, 
    "placeholders": [
      38, 
      39, 
      40, 
      41, 
      42, 
      43, 
      44
    ], 
    "changed_date": "2015-10-25T18:27:49.432Z", 
    "limit_visibility_in_menu": null, 
    "parent": null, 
    "publisher_state": 0, 
    "soft_root": false, 
    "publication_date": "2015-10-25T18:27:44.423Z", 
    "publisher_public": 14, 
    "level": 0, 
    "changed_by": "arne", 
    "publisher_is_draft": false, 
    "published": true
  }
},
{
  "pk": 1, 
  "model": "cms.title", 
  "fields": {
    "menu_title": "", 
    "redirect": "", 
    "meta_keywords": "", 
    "page_title": "", 
    "language": "en", 
    "title": "Blog", 
    "has_url_overwrite": false, 
    "application_urls": "", 
    "creation_date": "2015-07-14T08:54:15.757Z", 
    "page": 1, 
    "path": "community-tours/blog", 
    "meta_description": "", 
    "slug": "blog"
  }
},
{
  "pk": 2, 
  "model": "cms.title", 
  "fields": {
    "menu_title": "", 
    "redirect": "", 
    "meta_keywords": "", 
    "page_title": "", 
    "language": "en", 
    "title": "Blog", 
    "has_url_overwrite": false, 
    "application_urls": "", 
    "creation_date": "2015-07-14T08:54:15.757Z", 
    "page": 2, 
    "path": "community-tours/blog", 
    "meta_description": "", 
    "slug": "blog"
  }
},
{
  "pk": 3, 
  "model": "cms.title", 
  "fields": {
    "menu_title": "", 
    "redirect": "", 
    "meta_keywords": "", 
    "page_title": "", 
    "language": "en", 
    "title": "Community-Tours", 
    "has_url_overwrite": false, 
    "application_urls": "", 
    "creation_date": "2015-08-03T21:31:37.138Z", 
    "page": 3, 
    "path": "community-tours", 
    "meta_description": "", 
    "slug": "community-tours"
  }
},
{
  "pk": 8, 
  "model": "cms.title", 
  "fields": {
    "menu_title": "", 
    "redirect": "", 
    "meta_keywords": "", 
    "page_title": "", 
    "language": "en", 
    "title": "Blog", 
    "has_url_overwrite": false, 
    "application_urls": "", 
    "creation_date": "2015-10-25T18:19:22.443Z", 
    "page": 8, 
    "path": "start/blog", 
    "meta_description": "", 
    "slug": "blog"
  }
},
{
  "pk": 9, 
  "model": "cms.title", 
  "fields": {
    "menu_title": "", 
    "redirect": "", 
    "meta_keywords": "", 
    "page_title": "", 
    "language": "en", 
    "title": "Blog", 
    "has_url_overwrite": false, 
    "application_urls": "", 
    "creation_date": "2015-10-25T18:19:22.443Z", 
    "page": 9, 
    "path": "start/blog", 
    "meta_description": "", 
    "slug": "blog"
  }
},
{
  "pk": 13, 
  "model": "cms.title", 
  "fields": {
    "menu_title": "", 
    "redirect": "", 
    "meta_keywords": "", 
    "page_title": "", 
    "language": "en", 
    "title": "Community-Tours", 
    "has_url_overwrite": false, 
    "application_urls": "", 
    "creation_date": "2015-08-03T21:31:37.138Z", 
    "page": 13, 
    "path": "community-tours", 
    "meta_description": "", 
    "slug": "community-tours"
  }
},
{
  "pk": 14, 
  "model": "cms.title", 
  "fields": {
    "menu_title": null, 
    "redirect": null, 
    "meta_keywords": null, 
    "page_title": null, 
    "language": "en", 
    "title": "Start", 
    "has_url_overwrite": false, 
    "application_urls": null, 
    "creation_date": "2015-10-25T18:27:44.647Z", 
    "page": 14, 
    "path": "start", 
    "meta_description": null, 
    "slug": "start"
  }
},
{
  "pk": 15, 
  "model": "cms.title", 
  "fields": {
    "menu_title": null, 
    "redirect": null, 
    "meta_keywords": null, 
    "page_title": null, 
    "language": "en", 
    "title": "Start", 
    "has_url_overwrite": false, 
    "application_urls": null, 
    "creation_date": "2015-10-25T18:27:44.647Z", 
    "page": 15, 
    "path": "start", 
    "meta_description": null, 
    "slug": "start"
  }
},
{
  "pk": 2, 
  "model": "djangocms_text_ckeditor.text", 
  "fields": {
    "body": "<h1>CT-Blog</h1>\n"
  }
},
{
  "pk": 6, 
  "model": "djangocms_text_ckeditor.text", 
  "fields": {
    "body": "<h1>Heading</h1>\n\n<p>Dorem lopseo aid\u00fcsenn</p>\n"
  }
},
{
  "pk": 33, 
  "model": "djangocms_text_ckeditor.text", 
  "fields": {
    "body": "<p style=\"text-align: right;\">asd</p>\n"
  }
},
{
  "pk": 38, 
  "model": "djangocms_text_ckeditor.text", 
  "fields": {
    "body": "<p style=\"text-align: right;\">asd</p>\n"
  }
},
{
  "pk": 39, 
  "model": "djangocms_text_ckeditor.text", 
  "fields": {
    "body": "<p>Blog</p>\n"
  }
},
{
  "pk": 40, 
  "model": "djangocms_text_ckeditor.text", 
  "fields": {
    "body": "<p>Blog</p>\n"
  }
},
{
  "pk": 45, 
  "model": "djangocms_text_ckeditor.text", 
  "fields": {
    "body": "<h1>CT-Blog</h1>\n"
  }
},
{
  "pk": 46, 
  "model": "djangocms_text_ckeditor.text", 
  "fields": {
    "body": "<h1>Heading</h1>\n\n<p>Dorem lopseo aid\u00fcsenn</p>\n"
  }
},
{
  "pk": 1, 
  "model": "ecobasa.slideshowplugin", 
  "fields": {
    "name": "Tour Blog Show"
  }
},
{
  "pk": 44, 
  "model": "ecobasa.slideshowplugin", 
  "fields": {
    "name": "Tour Blog Show"
  }
},
{
  "pk": 1, 
  "model": "ecobasa.slideshowimage", 
  "fields": {
    "text": "", 
    "order": 0, 
    "slideshow": 1, 
    "file": 1, 
    "title": ""
  }
},
{
  "pk": 17, 
  "model": "ecobasa.slideshowimage", 
  "fields": {
    "text": "", 
    "order": 0, 
    "slideshow": 44, 
    "file": 1, 
    "title": ""
  }
},
{
  "pk": 1, 
  "model": "ecobasa.organiserrole", 
  "fields": {
    "cosinnus_group_membership": 6, 
    "description": "O\u00fcbermaster", 
    "title": "Head of master"
  }
},
{
  "pk": 2, 
  "model": "ecobasa.organiserrole", 
  "fields": {
    "cosinnus_group_membership": 7, 
    "description": "of reality", 
    "title": "Master"
  }
},
{
  "pk": 1, 
  "model": "ecobasa.taggedoffersservice", 
  "fields": {
    "content_object": 1, 
    "tag": 1
  }
},
{
  "pk": 2, 
  "model": "ecobasa.taggedoffersservice", 
  "fields": {
    "content_object": 1, 
    "tag": 2
  }
},
{
  "pk": 1, 
  "model": "ecobasa.taggedoffersskill", 
  "fields": {
    "content_object": 1, 
    "tag": 3
  }
},
{
  "pk": 2, 
  "model": "ecobasa.taggedoffersskill", 
  "fields": {
    "content_object": 1, 
    "tag": 4
  }
},
{
  "pk": 1, 
  "model": "ecobasa.ecobasacommunityprofile", 
  "fields": {
    "basic_inhabitants": 0, 
    "image": "community_images/nextgen-marker.png", 
    "contact_show": false, 
    "offers_workshop_spaces": "", 
    "video": "", 
    "basic_brings_together": "Together", 
    "contact_location_lon": 13.3888599, 
    "wishlist_tools_info": "", 
    "group": 10, 
    "wishlist_projects": "", 
    "contact_telephone": "", 
    "wishlist_materials_info": "", 
    "basic_membership_status": "o", 
    "basic_description": "", 
    "contact_street": "Oranienstr 183", 
    "website": "", 
    "contact_country": "ZZ", 
    "contact_location": "", 
    "visitors_accommodation": "", 
    "contact_location_lat": 52.5170365, 
    "offers_learning_seminars": "", 
    "wishlist_special_needs": "", 
    "basic_inhabitants_underage": 0, 
    "name": "comtest", 
    "contact_city": "", 
    "contact_zipcode": "10997", 
    "visitors_num": 0
  }
},
{
  "pk": 2, 
  "model": "ecobasa.ecobasacommunityprofile", 
  "fields": {
    "basic_inhabitants": 0, 
    "image": "", 
    "contact_show": false, 
    "offers_workshop_spaces": "", 
    "video": null, 
    "basic_brings_together": "", 
    "contact_location_lon": null, 
    "wishlist_tools_info": null, 
    "group": 12, 
    "wishlist_projects": null, 
    "contact_telephone": "", 
    "wishlist_materials_info": null, 
    "basic_membership_status": "o", 
    "basic_description": null, 
    "contact_street": "", 
    "website": "", 
    "contact_country": "ZZ", 
    "contact_location": "", 
    "visitors_accommodation": "", 
    "contact_location_lat": null, 
    "offers_learning_seminars": "", 
    "wishlist_special_needs": "", 
    "basic_inhabitants_underage": 0, 
    "name": "Community 2", 
    "contact_city": "", 
    "contact_zipcode": "", 
    "visitors_num": 0
  }
},
{
  "pk": 3, 
  "model": "ecobasa.ecobasacommunityprofile", 
  "fields": {
    "basic_inhabitants": 0, 
    "image": "", 
    "contact_show": false, 
    "offers_workshop_spaces": "", 
    "video": null, 
    "basic_brings_together": "", 
    "contact_location_lon": null, 
    "wishlist_tools_info": null, 
    "group": 13, 
    "wishlist_projects": null, 
    "contact_telephone": "", 
    "wishlist_materials_info": null, 
    "basic_membership_status": "o", 
    "basic_description": null, 
    "contact_street": "", 
    "website": "", 
    "contact_country": "ZZ", 
    "contact_location": "", 
    "visitors_accommodation": "", 
    "contact_location_lat": null, 
    "offers_learning_seminars": "", 
    "wishlist_special_needs": "", 
    "basic_inhabitants_underage": 0, 
    "name": "com2", 
    "contact_city": "", 
    "contact_zipcode": "", 
    "visitors_num": 0
  }
},
{
  "pk": 4, 
  "model": "ecobasa.ecobasacommunityprofile", 
  "fields": {
    "basic_inhabitants": 0, 
    "image": "", 
    "contact_show": false, 
    "offers_workshop_spaces": "", 
    "video": null, 
    "basic_brings_together": "", 
    "contact_location_lon": null, 
    "wishlist_tools_info": null, 
    "group": 14, 
    "wishlist_projects": null, 
    "contact_telephone": "", 
    "wishlist_materials_info": null, 
    "basic_membership_status": "o", 
    "basic_description": null, 
    "contact_street": "", 
    "website": "", 
    "contact_country": "ZZ", 
    "contact_location": "", 
    "visitors_accommodation": "", 
    "contact_location_lat": null, 
    "offers_learning_seminars": "", 
    "wishlist_special_needs": "", 
    "basic_inhabitants_underage": 0, 
    "name": "Com54", 
    "contact_city": "", 
    "contact_zipcode": "", 
    "visitors_num": 0
  }
},
{
  "pk": 5, 
  "model": "ecobasa.ecobasacommunityprofile", 
  "fields": {
    "basic_inhabitants": 0, 
    "image": "", 
    "contact_show": false, 
    "offers_workshop_spaces": "", 
    "video": null, 
    "basic_brings_together": "", 
    "contact_location_lon": null, 
    "wishlist_tools_info": null, 
    "group": 16, 
    "wishlist_projects": null, 
    "contact_telephone": "", 
    "wishlist_materials_info": null, 
    "basic_membership_status": "o", 
    "basic_description": null, 
    "contact_street": "", 
    "website": "", 
    "contact_country": "ZZ", 
    "contact_location": "", 
    "visitors_accommodation": "", 
    "contact_location_lat": null, 
    "offers_learning_seminars": "", 
    "wishlist_special_needs": "", 
    "basic_inhabitants_underage": 0, 
    "name": "com6", 
    "contact_city": "", 
    "contact_zipcode": "", 
    "visitors_num": 0
  }
},
{
  "pk": 1, 
  "model": "ecobasa.ecobasacommunityprofileseed", 
  "fields": {
    "profile": 1, 
    "kind": null, 
    "num": 0
  }
},
{
  "pk": 2, 
  "model": "ecobasa.ecobasacommunityprofileseed", 
  "fields": {
    "profile": 2, 
    "kind": null, 
    "num": 0
  }
},
{
  "pk": 3, 
  "model": "ecobasa.ecobasacommunityprofileseed", 
  "fields": {
    "profile": 3, 
    "kind": null, 
    "num": 0
  }
},
{
  "pk": 4, 
  "model": "ecobasa.ecobasacommunityprofileseed", 
  "fields": {
    "profile": 4, 
    "kind": null, 
    "num": 0
  }
},
{
  "pk": 5, 
  "model": "ecobasa.ecobasacommunityprofileseed", 
  "fields": {
    "profile": 5, 
    "kind": null, 
    "num": 0
  }
},
{
  "pk": 1, 
  "model": "cosinnus_todo.todolist", 
  "fields": {
    "group": 11, 
    "slug": "todos", 
    "title": "todos"
  }
},
{
  "pk": 1, 
  "model": "cosinnus_event.suggestion", 
  "fields": {
    "count": 0, 
    "from_date": "2015-09-24T11:03:00Z", 
    "to_date": "2015-09-30T11:03:00Z", 
    "event": 1
  }
},
{
  "pk": 2, 
  "model": "cosinnus_event.suggestion", 
  "fields": {
    "count": 0, 
    "from_date": "2015-10-01T11:04:00Z", 
    "to_date": "2015-10-08T11:04:00Z", 
    "event": 2
  }
},
{
  "pk": 3, 
  "model": "cosinnus_event.suggestion", 
  "fields": {
    "count": 0, 
    "from_date": "2015-12-02T17:22:00Z", 
    "to_date": "2016-01-06T17:22:00Z", 
    "event": 3
  }
},
{
  "pk": 1, 
  "model": "auth.permission", 
  "fields": {
    "codename": "add_logentry", 
    "name": "Can add log entry", 
    "content_type": 1
  }
},
{
  "pk": 2, 
  "model": "auth.permission", 
  "fields": {
    "codename": "change_logentry", 
    "name": "Can change log entry", 
    "content_type": 1
  }
},
{
  "pk": 3, 
  "model": "auth.permission", 
  "fields": {
    "codename": "delete_logentry", 
    "name": "Can delete log entry", 
    "content_type": 1
  }
},
{
  "pk": 4, 
  "model": "auth.permission", 
  "fields": {
    "codename": "add_permission", 
    "name": "Can add permission", 
    "content_type": 2
  }
},
{
  "pk": 5, 
  "model": "auth.permission", 
  "fields": {
    "codename": "change_permission", 
    "name": "Can change permission", 
    "content_type": 2
  }
},
{
  "pk": 6, 
  "model": "auth.permission", 
  "fields": {
    "codename": "delete_permission", 
    "name": "Can delete permission", 
    "content_type": 2
  }
},
{
  "pk": 7, 
  "model": "auth.permission", 
  "fields": {
    "codename": "add_group", 
    "name": "Can add group", 
    "content_type": 3
  }
},
{
  "pk": 8, 
  "model": "auth.permission", 
  "fields": {
    "codename": "change_group", 
    "name": "Can change group", 
    "content_type": 3
  }
},
{
  "pk": 9, 
  "model": "auth.permission", 
  "fields": {
    "codename": "delete_group", 
    "name": "Can delete group", 
    "content_type": 3
  }
},
{
  "pk": 10, 
  "model": "auth.permission", 
  "fields": {
    "codename": "add_user", 
    "name": "Can add user", 
    "content_type": 4
  }
},
{
  "pk": 11, 
  "model": "auth.permission", 
  "fields": {
    "codename": "change_user", 
    "name": "Can change user", 
    "content_type": 4
  }
},
{
  "pk": 12, 
  "model": "auth.permission", 
  "fields": {
    "codename": "delete_user", 
    "name": "Can delete user", 
    "content_type": 4
  }
},
{
  "pk": 13, 
  "model": "auth.permission", 
  "fields": {
    "codename": "add_contenttype", 
    "name": "Can add content type", 
    "content_type": 5
  }
},
{
  "pk": 14, 
  "model": "auth.permission", 
  "fields": {
    "codename": "change_contenttype", 
    "name": "Can change content type", 
    "content_type": 5
  }
},
{
  "pk": 15, 
  "model": "auth.permission", 
  "fields": {
    "codename": "delete_contenttype", 
    "name": "Can delete content type", 
    "content_type": 5
  }
},
{
  "pk": 16, 
  "model": "auth.permission", 
  "fields": {
    "codename": "add_session", 
    "name": "Can add session", 
    "content_type": 6
  }
},
{
  "pk": 17, 
  "model": "auth.permission", 
  "fields": {
    "codename": "change_session", 
    "name": "Can change session", 
    "content_type": 6
  }
},
{
  "pk": 18, 
  "model": "auth.permission", 
  "fields": {
    "codename": "delete_session", 
    "name": "Can delete session", 
    "content_type": 6
  }
},
{
  "pk": 19, 
  "model": "auth.permission", 
  "fields": {
    "codename": "add_site", 
    "name": "Can add site", 
    "content_type": 7
  }
},
{
  "pk": 20, 
  "model": "auth.permission", 
  "fields": {
    "codename": "change_site", 
    "name": "Can change site", 
    "content_type": 7
  }
},
{
  "pk": 21, 
  "model": "auth.permission", 
  "fields": {
    "codename": "delete_site", 
    "name": "Can delete site", 
    "content_type": 7
  }
},
{
  "pk": 22, 
  "model": "auth.permission", 
  "fields": {
    "codename": "add_keymap", 
    "name": "Can add key map", 
    "content_type": 8
  }
},
{
  "pk": 23, 
  "model": "auth.permission", 
  "fields": {
    "codename": "change_keymap", 
    "name": "Can change key map", 
    "content_type": 8
  }
},
{
  "pk": 24, 
  "model": "auth.permission", 
  "fields": {
    "codename": "delete_keymap", 
    "name": "Can delete key map", 
    "content_type": 8
  }
},
{
  "pk": 25, 
  "model": "auth.permission", 
  "fields": {
    "codename": "add_migrationhistory", 
    "name": "Can add migration history", 
    "content_type": 9
  }
},
{
  "pk": 26, 
  "model": "auth.permission", 
  "fields": {
    "codename": "change_migrationhistory", 
    "name": "Can change migration history", 
    "content_type": 9
  }
},
{
  "pk": 27, 
  "model": "auth.permission", 
  "fields": {
    "codename": "delete_migrationhistory", 
    "name": "Can delete migration history", 
    "content_type": 9
  }
},
{
  "pk": 28, 
  "model": "auth.permission", 
  "fields": {
    "codename": "add_message", 
    "name": "Can add message", 
    "content_type": 10
  }
},
{
  "pk": 29, 
  "model": "auth.permission", 
  "fields": {
    "codename": "change_message", 
    "name": "Can change message", 
    "content_type": 10
  }
},
{
  "pk": 30, 
  "model": "auth.permission", 
  "fields": {
    "codename": "delete_message", 
    "name": "Can delete message", 
    "content_type": 10
  }
},
{
  "pk": 31, 
  "model": "auth.permission", 
  "fields": {
    "codename": "add_pendingmessage", 
    "name": "Can add pending message", 
    "content_type": 10
  }
},
{
  "pk": 32, 
  "model": "auth.permission", 
  "fields": {
    "codename": "change_pendingmessage", 
    "name": "Can change pending message", 
    "content_type": 10
  }
},
{
  "pk": 33, 
  "model": "auth.permission", 
  "fields": {
    "codename": "delete_pendingmessage", 
    "name": "Can delete pending message", 
    "content_type": 10
  }
},
{
  "pk": 34, 
  "model": "auth.permission", 
  "fields": {
    "codename": "add_accountverification", 
    "name": "Can add Account verification", 
    "content_type": 12
  }
},
{
  "pk": 35, 
  "model": "auth.permission", 
  "fields": {
    "codename": "change_accountverification", 
    "name": "Can change Account verification", 
    "content_type": 12
  }
},
{
  "pk": 36, 
  "model": "auth.permission", 
  "fields": {
    "codename": "delete_accountverification", 
    "name": "Can delete Account verification", 
    "content_type": 12
  }
},
{
  "pk": 37, 
  "model": "auth.permission", 
  "fields": {
    "codename": "add_taggedoffers", 
    "name": "Can add tagged offers", 
    "content_type": 13
  }
},
{
  "pk": 38, 
  "model": "auth.permission", 
  "fields": {
    "codename": "change_taggedoffers", 
    "name": "Can change tagged offers", 
    "content_type": 13
  }
},
{
  "pk": 39, 
  "model": "auth.permission", 
  "fields": {
    "codename": "delete_taggedoffers", 
    "name": "Can delete tagged offers", 
    "content_type": 13
  }
},
{
  "pk": 40, 
  "model": "auth.permission", 
  "fields": {
    "codename": "add_caravan", 
    "name": "Can add Caravan", 
    "content_type": 14
  }
},
{
  "pk": 41, 
  "model": "auth.permission", 
  "fields": {
    "codename": "change_caravan", 
    "name": "Can change Caravan", 
    "content_type": 14
  }
},
{
  "pk": 42, 
  "model": "auth.permission", 
  "fields": {
    "codename": "delete_caravan", 
    "name": "Can delete Caravan", 
    "content_type": 14
  }
},
{
  "pk": 43, 
  "model": "auth.permission", 
  "fields": {
    "codename": "add_slideshowplugin", 
    "name": "Can add slide show", 
    "content_type": 15
  }
},
{
  "pk": 44, 
  "model": "auth.permission", 
  "fields": {
    "codename": "change_slideshowplugin", 
    "name": "Can change slide show", 
    "content_type": 15
  }
},
{
  "pk": 45, 
  "model": "auth.permission", 
  "fields": {
    "codename": "delete_slideshowplugin", 
    "name": "Can delete slide show", 
    "content_type": 15
  }
},
{
  "pk": 46, 
  "model": "auth.permission", 
  "fields": {
    "codename": "add_slideshowimage", 
    "name": "Can add image", 
    "content_type": 16
  }
},
{
  "pk": 47, 
  "model": "auth.permission", 
  "fields": {
    "codename": "change_slideshowimage", 
    "name": "Can change image", 
    "content_type": 16
  }
},
{
  "pk": 48, 
  "model": "auth.permission", 
  "fields": {
    "codename": "delete_slideshowimage", 
    "name": "Can delete image", 
    "content_type": 16
  }
},
{
  "pk": 49, 
  "model": "auth.permission", 
  "fields": {
    "codename": "add_organiserrole", 
    "name": "Can add Organiser role", 
    "content_type": 17
  }
},
{
  "pk": 50, 
  "model": "auth.permission", 
  "fields": {
    "codename": "change_organiserrole", 
    "name": "Can change Organiser role", 
    "content_type": 17
  }
},
{
  "pk": 51, 
  "model": "auth.permission", 
  "fields": {
    "codename": "delete_organiserrole", 
    "name": "Can delete Organiser role", 
    "content_type": 17
  }
},
{
  "pk": 52, 
  "model": "auth.permission", 
  "fields": {
    "codename": "add_taggedinterest", 
    "name": "Can add tagged interest", 
    "content_type": 18
  }
},
{
  "pk": 53, 
  "model": "auth.permission", 
  "fields": {
    "codename": "change_taggedinterest", 
    "name": "Can change tagged interest", 
    "content_type": 18
  }
},
{
  "pk": 54, 
  "model": "auth.permission", 
  "fields": {
    "codename": "delete_taggedinterest", 
    "name": "Can delete tagged interest", 
    "content_type": 18
  }
},
{
  "pk": 55, 
  "model": "auth.permission", 
  "fields": {
    "codename": "add_taggedskill", 
    "name": "Can add tagged skill", 
    "content_type": 19
  }
},
{
  "pk": 56, 
  "model": "auth.permission", 
  "fields": {
    "codename": "change_taggedskill", 
    "name": "Can change tagged skill", 
    "content_type": 19
  }
},
{
  "pk": 57, 
  "model": "auth.permission", 
  "fields": {
    "codename": "delete_taggedskill", 
    "name": "Can delete tagged skill", 
    "content_type": 19
  }
},
{
  "pk": 58, 
  "model": "auth.permission", 
  "fields": {
    "codename": "add_taggedproduct", 
    "name": "Can add tagged product", 
    "content_type": 20
  }
},
{
  "pk": 59, 
  "model": "auth.permission", 
  "fields": {
    "codename": "change_taggedproduct", 
    "name": "Can change tagged product", 
    "content_type": 20
  }
},
{
  "pk": 60, 
  "model": "auth.permission", 
  "fields": {
    "codename": "delete_taggedproduct", 
    "name": "Can delete tagged product", 
    "content_type": 20
  }
},
{
  "pk": 61, 
  "model": "auth.permission", 
  "fields": {
    "codename": "add_ecobasauserprofile", 
    "name": "Can add ecobasa user profile", 
    "content_type": 21
  }
},
{
  "pk": 62, 
  "model": "auth.permission", 
  "fields": {
    "codename": "change_ecobasauserprofile", 
    "name": "Can change ecobasa user profile", 
    "content_type": 21
  }
},
{
  "pk": 63, 
  "model": "auth.permission", 
  "fields": {
    "codename": "delete_ecobasauserprofile", 
    "name": "Can delete ecobasa user profile", 
    "content_type": 21
  }
},
{
  "pk": 64, 
  "model": "auth.permission", 
  "fields": {
    "codename": "add_taggedoffersservice", 
    "name": "Can add tagged offers service", 
    "content_type": 22
  }
},
{
  "pk": 65, 
  "model": "auth.permission", 
  "fields": {
    "codename": "change_taggedoffersservice", 
    "name": "Can change tagged offers service", 
    "content_type": 22
  }
},
{
  "pk": 66, 
  "model": "auth.permission", 
  "fields": {
    "codename": "delete_taggedoffersservice", 
    "name": "Can delete tagged offers service", 
    "content_type": 22
  }
},
{
  "pk": 67, 
  "model": "auth.permission", 
  "fields": {
    "codename": "add_taggedoffersskill", 
    "name": "Can add tagged offers skill", 
    "content_type": 23
  }
},
{
  "pk": 68, 
  "model": "auth.permission", 
  "fields": {
    "codename": "change_taggedoffersskill", 
    "name": "Can change tagged offers skill", 
    "content_type": 23
  }
},
{
  "pk": 69, 
  "model": "auth.permission", 
  "fields": {
    "codename": "delete_taggedoffersskill", 
    "name": "Can delete tagged offers skill", 
    "content_type": 23
  }
},
{
  "pk": 70, 
  "model": "auth.permission", 
  "fields": {
    "codename": "add_taggedofferscreation", 
    "name": "Can add tagged offers creation", 
    "content_type": 24
  }
},
{
  "pk": 71, 
  "model": "auth.permission", 
  "fields": {
    "codename": "change_taggedofferscreation", 
    "name": "Can change tagged offers creation", 
    "content_type": 24
  }
},
{
  "pk": 72, 
  "model": "auth.permission", 
  "fields": {
    "codename": "delete_taggedofferscreation", 
    "name": "Can delete tagged offers creation", 
    "content_type": 24
  }
},
{
  "pk": 73, 
  "model": "auth.permission", 
  "fields": {
    "codename": "add_taggedoffersmaterial", 
    "name": "Can add tagged offers material", 
    "content_type": 25
  }
},
{
  "pk": 74, 
  "model": "auth.permission", 
  "fields": {
    "codename": "change_taggedoffersmaterial", 
    "name": "Can change tagged offers material", 
    "content_type": 25
  }
},
{
  "pk": 75, 
  "model": "auth.permission", 
  "fields": {
    "codename": "delete_taggedoffersmaterial", 
    "name": "Can delete tagged offers material", 
    "content_type": 25
  }
},
{
  "pk": 76, 
  "model": "auth.permission", 
  "fields": {
    "codename": "add_taggedofferstool", 
    "name": "Can add tagged offers tool", 
    "content_type": 26
  }
},
{
  "pk": 77, 
  "model": "auth.permission", 
  "fields": {
    "codename": "change_taggedofferstool", 
    "name": "Can change tagged offers tool", 
    "content_type": 26
  }
},
{
  "pk": 78, 
  "model": "auth.permission", 
  "fields": {
    "codename": "delete_taggedofferstool", 
    "name": "Can delete tagged offers tool", 
    "content_type": 26
  }
},
{
  "pk": 79, 
  "model": "auth.permission", 
  "fields": {
    "codename": "add_taggedwishskill", 
    "name": "Can add tagged wish skill", 
    "content_type": 27
  }
},
{
  "pk": 80, 
  "model": "auth.permission", 
  "fields": {
    "codename": "change_taggedwishskill", 
    "name": "Can change tagged wish skill", 
    "content_type": 27
  }
},
{
  "pk": 81, 
  "model": "auth.permission", 
  "fields": {
    "codename": "delete_taggedwishskill", 
    "name": "Can delete tagged wish skill", 
    "content_type": 27
  }
},
{
  "pk": 82, 
  "model": "auth.permission", 
  "fields": {
    "codename": "add_taggedwishmaterial", 
    "name": "Can add tagged wish material", 
    "content_type": 28
  }
},
{
  "pk": 83, 
  "model": "auth.permission", 
  "fields": {
    "codename": "change_taggedwishmaterial", 
    "name": "Can change tagged wish material", 
    "content_type": 28
  }
},
{
  "pk": 84, 
  "model": "auth.permission", 
  "fields": {
    "codename": "delete_taggedwishmaterial", 
    "name": "Can delete tagged wish material", 
    "content_type": 28
  }
},
{
  "pk": 85, 
  "model": "auth.permission", 
  "fields": {
    "codename": "add_taggedwishtool", 
    "name": "Can add tagged wish tool", 
    "content_type": 29
  }
},
{
  "pk": 86, 
  "model": "auth.permission", 
  "fields": {
    "codename": "change_taggedwishtool", 
    "name": "Can change tagged wish tool", 
    "content_type": 29
  }
},
{
  "pk": 87, 
  "model": "auth.permission", 
  "fields": {
    "codename": "delete_taggedwishtool", 
    "name": "Can delete tagged wish tool", 
    "content_type": 29
  }
},
{
  "pk": 88, 
  "model": "auth.permission", 
  "fields": {
    "codename": "add_ecobasacommunityprofile", 
    "name": "Can add ecobasa community profile", 
    "content_type": 30
  }
},
{
  "pk": 89, 
  "model": "auth.permission", 
  "fields": {
    "codename": "change_ecobasacommunityprofile", 
    "name": "Can change ecobasa community profile", 
    "content_type": 30
  }
},
{
  "pk": 90, 
  "model": "auth.permission", 
  "fields": {
    "codename": "delete_ecobasacommunityprofile", 
    "name": "Can delete ecobasa community profile", 
    "content_type": 30
  }
},
{
  "pk": 91, 
  "model": "auth.permission", 
  "fields": {
    "codename": "add_ecobasacommunityprofileseed", 
    "name": "Can add ecobasa community profile seed", 
    "content_type": 31
  }
},
{
  "pk": 92, 
  "model": "auth.permission", 
  "fields": {
    "codename": "change_ecobasacommunityprofileseed", 
    "name": "Can change ecobasa community profile seed", 
    "content_type": 31
  }
},
{
  "pk": 93, 
  "model": "auth.permission", 
  "fields": {
    "codename": "delete_ecobasacommunityprofileseed", 
    "name": "Can delete ecobasa community profile seed", 
    "content_type": 31
  }
},
{
  "pk": 94, 
  "model": "auth.permission", 
  "fields": {
    "codename": "add_taggedreferenceservice", 
    "name": "Can add tagged reference service", 
    "content_type": 32
  }
},
{
  "pk": 95, 
  "model": "auth.permission", 
  "fields": {
    "codename": "change_taggedreferenceservice", 
    "name": "Can change tagged reference service", 
    "content_type": 32
  }
},
{
  "pk": 96, 
  "model": "auth.permission", 
  "fields": {
    "codename": "delete_taggedreferenceservice", 
    "name": "Can delete tagged reference service", 
    "content_type": 32
  }
},
{
  "pk": 97, 
  "model": "auth.permission", 
  "fields": {
    "codename": "add_taggedreferenceskill", 
    "name": "Can add tagged reference skill", 
    "content_type": 33
  }
},
{
  "pk": 98, 
  "model": "auth.permission", 
  "fields": {
    "codename": "change_taggedreferenceskill", 
    "name": "Can change tagged reference skill", 
    "content_type": 33
  }
},
{
  "pk": 99, 
  "model": "auth.permission", 
  "fields": {
    "codename": "delete_taggedreferenceskill", 
    "name": "Can delete tagged reference skill", 
    "content_type": 33
  }
},
{
  "pk": 100, 
  "model": "auth.permission", 
  "fields": {
    "codename": "add_taggedreferenceproduct", 
    "name": "Can add tagged reference product", 
    "content_type": 34
  }
},
{
  "pk": 101, 
  "model": "auth.permission", 
  "fields": {
    "codename": "change_taggedreferenceproduct", 
    "name": "Can change tagged reference product", 
    "content_type": 34
  }
},
{
  "pk": 102, 
  "model": "auth.permission", 
  "fields": {
    "codename": "delete_taggedreferenceproduct", 
    "name": "Can delete tagged reference product", 
    "content_type": 34
  }
},
{
  "pk": 103, 
  "model": "auth.permission", 
  "fields": {
    "codename": "add_reference", 
    "name": "Can add Reference", 
    "content_type": 35
  }
},
{
  "pk": 104, 
  "model": "auth.permission", 
  "fields": {
    "codename": "change_reference", 
    "name": "Can change Reference", 
    "content_type": 35
  }
},
{
  "pk": 105, 
  "model": "auth.permission", 
  "fields": {
    "codename": "delete_reference", 
    "name": "Can delete Reference", 
    "content_type": 35
  }
},
{
  "pk": 106, 
  "model": "auth.permission", 
  "fields": {
    "codename": "add_cosinnusgroup", 
    "name": "Can add Cosinnus group", 
    "content_type": 36
  }
},
{
  "pk": 107, 
  "model": "auth.permission", 
  "fields": {
    "codename": "change_cosinnusgroup", 
    "name": "Can change Cosinnus group", 
    "content_type": 36
  }
},
{
  "pk": 108, 
  "model": "auth.permission", 
  "fields": {
    "codename": "delete_cosinnusgroup", 
    "name": "Can delete Cosinnus group", 
    "content_type": 36
  }
},
{
  "pk": 109, 
  "model": "auth.permission", 
  "fields": {
    "codename": "add_cosinnusgroupmembership", 
    "name": "Can add Group membership", 
    "content_type": 37
  }
},
{
  "pk": 110, 
  "model": "auth.permission", 
  "fields": {
    "codename": "change_cosinnusgroupmembership", 
    "name": "Can change Group membership", 
    "content_type": 37
  }
},
{
  "pk": 111, 
  "model": "auth.permission", 
  "fields": {
    "codename": "delete_cosinnusgroupmembership", 
    "name": "Can delete Group membership", 
    "content_type": 37
  }
},
{
  "pk": 112, 
  "model": "auth.permission", 
  "fields": {
    "codename": "add_tagobject", 
    "name": "Can add tag object", 
    "content_type": 38
  }
},
{
  "pk": 113, 
  "model": "auth.permission", 
  "fields": {
    "codename": "change_tagobject", 
    "name": "Can change tag object", 
    "content_type": 38
  }
},
{
  "pk": 114, 
  "model": "auth.permission", 
  "fields": {
    "codename": "delete_tagobject", 
    "name": "Can delete tag object", 
    "content_type": 38
  }
},
{
  "pk": 115, 
  "model": "auth.permission", 
  "fields": {
    "codename": "add_attachedobject", 
    "name": "Can add Attached object", 
    "content_type": 39
  }
},
{
  "pk": 116, 
  "model": "auth.permission", 
  "fields": {
    "codename": "change_attachedobject", 
    "name": "Can change Attached object", 
    "content_type": 39
  }
},
{
  "pk": 117, 
  "model": "auth.permission", 
  "fields": {
    "codename": "delete_attachedobject", 
    "name": "Can delete Attached object", 
    "content_type": 39
  }
},
{
  "pk": 118, 
  "model": "auth.permission", 
  "fields": {
    "codename": "add_widgetconfig", 
    "name": "Can add Widget configuration", 
    "content_type": 40
  }
},
{
  "pk": 119, 
  "model": "auth.permission", 
  "fields": {
    "codename": "change_widgetconfig", 
    "name": "Can change Widget configuration", 
    "content_type": 40
  }
},
{
  "pk": 120, 
  "model": "auth.permission", 
  "fields": {
    "codename": "delete_widgetconfig", 
    "name": "Can delete Widget configuration", 
    "content_type": 40
  }
},
{
  "pk": 121, 
  "model": "auth.permission", 
  "fields": {
    "codename": "add_widgetconfigitem", 
    "name": "Can add Widget configuration item", 
    "content_type": 41
  }
},
{
  "pk": 122, 
  "model": "auth.permission", 
  "fields": {
    "codename": "change_widgetconfigitem", 
    "name": "Can change Widget configuration item", 
    "content_type": 41
  }
},
{
  "pk": 123, 
  "model": "auth.permission", 
  "fields": {
    "codename": "delete_widgetconfigitem", 
    "name": "Can delete Widget configuration item", 
    "content_type": 41
  }
},
{
  "pk": 124, 
  "model": "auth.permission", 
  "fields": {
    "codename": "add_note", 
    "name": "Can add Note", 
    "content_type": 42
  }
},
{
  "pk": 125, 
  "model": "auth.permission", 
  "fields": {
    "codename": "change_note", 
    "name": "Can change Note", 
    "content_type": 42
  }
},
{
  "pk": 126, 
  "model": "auth.permission", 
  "fields": {
    "codename": "delete_note", 
    "name": "Can delete Note", 
    "content_type": 42
  }
},
{
  "pk": 127, 
  "model": "auth.permission", 
  "fields": {
    "codename": "add_comment", 
    "name": "Can add Comment", 
    "content_type": 43
  }
},
{
  "pk": 128, 
  "model": "auth.permission", 
  "fields": {
    "codename": "change_comment", 
    "name": "Can change Comment", 
    "content_type": 43
  }
},
{
  "pk": 129, 
  "model": "auth.permission", 
  "fields": {
    "codename": "delete_comment", 
    "name": "Can delete Comment", 
    "content_type": 43
  }
},
{
  "pk": 130, 
  "model": "auth.permission", 
  "fields": {
    "codename": "add_source", 
    "name": "Can add source", 
    "content_type": 44
  }
},
{
  "pk": 131, 
  "model": "auth.permission", 
  "fields": {
    "codename": "change_source", 
    "name": "Can change source", 
    "content_type": 44
  }
},
{
  "pk": 132, 
  "model": "auth.permission", 
  "fields": {
    "codename": "delete_source", 
    "name": "Can delete source", 
    "content_type": 44
  }
},
{
  "pk": 133, 
  "model": "auth.permission", 
  "fields": {
    "codename": "add_thumbnail", 
    "name": "Can add thumbnail", 
    "content_type": 45
  }
},
{
  "pk": 134, 
  "model": "auth.permission", 
  "fields": {
    "codename": "change_thumbnail", 
    "name": "Can change thumbnail", 
    "content_type": 45
  }
},
{
  "pk": 135, 
  "model": "auth.permission", 
  "fields": {
    "codename": "delete_thumbnail", 
    "name": "Can delete thumbnail", 
    "content_type": 45
  }
},
{
  "pk": 136, 
  "model": "auth.permission", 
  "fields": {
    "codename": "add_tag", 
    "name": "Can add Tag", 
    "content_type": 46
  }
},
{
  "pk": 137, 
  "model": "auth.permission", 
  "fields": {
    "codename": "change_tag", 
    "name": "Can change Tag", 
    "content_type": 46
  }
},
{
  "pk": 138, 
  "model": "auth.permission", 
  "fields": {
    "codename": "delete_tag", 
    "name": "Can delete Tag", 
    "content_type": 46
  }
},
{
  "pk": 139, 
  "model": "auth.permission", 
  "fields": {
    "codename": "add_taggeditem", 
    "name": "Can add Tagged Item", 
    "content_type": 47
  }
},
{
  "pk": 140, 
  "model": "auth.permission", 
  "fields": {
    "codename": "change_taggeditem", 
    "name": "Can change Tagged Item", 
    "content_type": 47
  }
},
{
  "pk": 141, 
  "model": "auth.permission", 
  "fields": {
    "codename": "delete_taggeditem", 
    "name": "Can delete Tagged Item", 
    "content_type": 47
  }
},
{
  "pk": 142, 
  "model": "auth.permission", 
  "fields": {
    "codename": "add_folder", 
    "name": "Can add Folder", 
    "content_type": 48
  }
},
{
  "pk": 143, 
  "model": "auth.permission", 
  "fields": {
    "codename": "change_folder", 
    "name": "Can change Folder", 
    "content_type": 48
  }
},
{
  "pk": 144, 
  "model": "auth.permission", 
  "fields": {
    "codename": "delete_folder", 
    "name": "Can delete Folder", 
    "content_type": 48
  }
},
{
  "pk": 145, 
  "model": "auth.permission", 
  "fields": {
    "codename": "can_use_directory_listing", 
    "name": "Can use directory listing", 
    "content_type": 48
  }
},
{
  "pk": 146, 
  "model": "auth.permission", 
  "fields": {
    "codename": "add_folderpermission", 
    "name": "Can add folder permission", 
    "content_type": 49
  }
},
{
  "pk": 147, 
  "model": "auth.permission", 
  "fields": {
    "codename": "change_folderpermission", 
    "name": "Can change folder permission", 
    "content_type": 49
  }
},
{
  "pk": 148, 
  "model": "auth.permission", 
  "fields": {
    "codename": "delete_folderpermission", 
    "name": "Can delete folder permission", 
    "content_type": 49
  }
},
{
  "pk": 149, 
  "model": "auth.permission", 
  "fields": {
    "codename": "add_file", 
    "name": "Can add file", 
    "content_type": 50
  }
},
{
  "pk": 150, 
  "model": "auth.permission", 
  "fields": {
    "codename": "change_file", 
    "name": "Can change file", 
    "content_type": 50
  }
},
{
  "pk": 151, 
  "model": "auth.permission", 
  "fields": {
    "codename": "delete_file", 
    "name": "Can delete file", 
    "content_type": 50
  }
},
{
  "pk": 152, 
  "model": "auth.permission", 
  "fields": {
    "codename": "add_clipboard", 
    "name": "Can add clipboard", 
    "content_type": 51
  }
},
{
  "pk": 153, 
  "model": "auth.permission", 
  "fields": {
    "codename": "change_clipboard", 
    "name": "Can change clipboard", 
    "content_type": 51
  }
},
{
  "pk": 154, 
  "model": "auth.permission", 
  "fields": {
    "codename": "delete_clipboard", 
    "name": "Can delete clipboard", 
    "content_type": 51
  }
},
{
  "pk": 155, 
  "model": "auth.permission", 
  "fields": {
    "codename": "add_clipboarditem", 
    "name": "Can add clipboard item", 
    "content_type": 52
  }
},
{
  "pk": 156, 
  "model": "auth.permission", 
  "fields": {
    "codename": "change_clipboarditem", 
    "name": "Can change clipboard item", 
    "content_type": 52
  }
},
{
  "pk": 157, 
  "model": "auth.permission", 
  "fields": {
    "codename": "delete_clipboarditem", 
    "name": "Can delete clipboard item", 
    "content_type": 52
  }
},
{
  "pk": 158, 
  "model": "auth.permission", 
  "fields": {
    "codename": "add_image", 
    "name": "Can add image", 
    "content_type": 53
  }
},
{
  "pk": 159, 
  "model": "auth.permission", 
  "fields": {
    "codename": "change_image", 
    "name": "Can change image", 
    "content_type": 53
  }
},
{
  "pk": 160, 
  "model": "auth.permission", 
  "fields": {
    "codename": "delete_image", 
    "name": "Can delete image", 
    "content_type": 53
  }
},
{
  "pk": 161, 
  "model": "auth.permission", 
  "fields": {
    "codename": "publish_page", 
    "name": "Can publish Page", 
    "content_type": 54
  }
},
{
  "pk": 162, 
  "model": "auth.permission", 
  "fields": {
    "codename": "add_placeholder", 
    "name": "Can add placeholder", 
    "content_type": 55
  }
},
{
  "pk": 163, 
  "model": "auth.permission", 
  "fields": {
    "codename": "change_placeholder", 
    "name": "Can change placeholder", 
    "content_type": 55
  }
},
{
  "pk": 164, 
  "model": "auth.permission", 
  "fields": {
    "codename": "delete_placeholder", 
    "name": "Can delete placeholder", 
    "content_type": 55
  }
},
{
  "pk": 165, 
  "model": "auth.permission", 
  "fields": {
    "codename": "add_cmsplugin", 
    "name": "Can add cms plugin", 
    "content_type": 56
  }
},
{
  "pk": 166, 
  "model": "auth.permission", 
  "fields": {
    "codename": "change_cmsplugin", 
    "name": "Can change cms plugin", 
    "content_type": 56
  }
},
{
  "pk": 167, 
  "model": "auth.permission", 
  "fields": {
    "codename": "delete_cmsplugin", 
    "name": "Can delete cms plugin", 
    "content_type": 56
  }
},
{
  "pk": 168, 
  "model": "auth.permission", 
  "fields": {
    "codename": "add_page", 
    "name": "Can add page", 
    "content_type": 54
  }
},
{
  "pk": 169, 
  "model": "auth.permission", 
  "fields": {
    "codename": "change_page", 
    "name": "Can change page", 
    "content_type": 54
  }
},
{
  "pk": 170, 
  "model": "auth.permission", 
  "fields": {
    "codename": "delete_page", 
    "name": "Can delete page", 
    "content_type": 54
  }
},
{
  "pk": 171, 
  "model": "auth.permission", 
  "fields": {
    "codename": "view_page", 
    "name": "Can view page", 
    "content_type": 54
  }
},
{
  "pk": 172, 
  "model": "auth.permission", 
  "fields": {
    "codename": "add_pagemoderatorstate", 
    "name": "Can add Page moderator state", 
    "content_type": 57
  }
},
{
  "pk": 173, 
  "model": "auth.permission", 
  "fields": {
    "codename": "change_pagemoderatorstate", 
    "name": "Can change Page moderator state", 
    "content_type": 57
  }
},
{
  "pk": 174, 
  "model": "auth.permission", 
  "fields": {
    "codename": "delete_pagemoderatorstate", 
    "name": "Can delete Page moderator state", 
    "content_type": 57
  }
},
{
  "pk": 175, 
  "model": "auth.permission", 
  "fields": {
    "codename": "add_globalpagepermission", 
    "name": "Can add Page global permission", 
    "content_type": 58
  }
},
{
  "pk": 176, 
  "model": "auth.permission", 
  "fields": {
    "codename": "change_globalpagepermission", 
    "name": "Can change Page global permission", 
    "content_type": 58
  }
},
{
  "pk": 177, 
  "model": "auth.permission", 
  "fields": {
    "codename": "delete_globalpagepermission", 
    "name": "Can delete Page global permission", 
    "content_type": 58
  }
},
{
  "pk": 178, 
  "model": "auth.permission", 
  "fields": {
    "codename": "add_pagepermission", 
    "name": "Can add Page permission", 
    "content_type": 59
  }
},
{
  "pk": 179, 
  "model": "auth.permission", 
  "fields": {
    "codename": "change_pagepermission", 
    "name": "Can change Page permission", 
    "content_type": 59
  }
},
{
  "pk": 180, 
  "model": "auth.permission", 
  "fields": {
    "codename": "delete_pagepermission", 
    "name": "Can delete Page permission", 
    "content_type": 59
  }
},
{
  "pk": 181, 
  "model": "auth.permission", 
  "fields": {
    "codename": "add_pageuser", 
    "name": "Can add User (page)", 
    "content_type": 60
  }
},
{
  "pk": 182, 
  "model": "auth.permission", 
  "fields": {
    "codename": "change_pageuser", 
    "name": "Can change User (page)", 
    "content_type": 60
  }
},
{
  "pk": 183, 
  "model": "auth.permission", 
  "fields": {
    "codename": "delete_pageuser", 
    "name": "Can delete User (page)", 
    "content_type": 60
  }
},
{
  "pk": 184, 
  "model": "auth.permission", 
  "fields": {
    "codename": "add_pageusergroup", 
    "name": "Can add User group (page)", 
    "content_type": 61
  }
},
{
  "pk": 185, 
  "model": "auth.permission", 
  "fields": {
    "codename": "change_pageusergroup", 
    "name": "Can change User group (page)", 
    "content_type": 61
  }
},
{
  "pk": 186, 
  "model": "auth.permission", 
  "fields": {
    "codename": "delete_pageusergroup", 
    "name": "Can delete User group (page)", 
    "content_type": 61
  }
},
{
  "pk": 187, 
  "model": "auth.permission", 
  "fields": {
    "codename": "add_title", 
    "name": "Can add title", 
    "content_type": 62
  }
},
{
  "pk": 188, 
  "model": "auth.permission", 
  "fields": {
    "codename": "change_title", 
    "name": "Can change title", 
    "content_type": 62
  }
},
{
  "pk": 189, 
  "model": "auth.permission", 
  "fields": {
    "codename": "delete_title", 
    "name": "Can delete title", 
    "content_type": 62
  }
},
{
  "pk": 190, 
  "model": "auth.permission", 
  "fields": {
    "codename": "add_text", 
    "name": "Can add text", 
    "content_type": 63
  }
},
{
  "pk": 191, 
  "model": "auth.permission", 
  "fields": {
    "codename": "change_text", 
    "name": "Can change text", 
    "content_type": 63
  }
},
{
  "pk": 192, 
  "model": "auth.permission", 
  "fields": {
    "codename": "delete_text", 
    "name": "Can delete text", 
    "content_type": 63
  }
},
{
  "pk": 193, 
  "model": "auth.permission", 
  "fields": {
    "codename": "add_cachekey", 
    "name": "Can add cache key", 
    "content_type": 64
  }
},
{
  "pk": 194, 
  "model": "auth.permission", 
  "fields": {
    "codename": "change_cachekey", 
    "name": "Can change cache key", 
    "content_type": 64
  }
},
{
  "pk": 195, 
  "model": "auth.permission", 
  "fields": {
    "codename": "delete_cachekey", 
    "name": "Can delete cache key", 
    "content_type": 64
  }
},
{
  "pk": 196, 
  "model": "auth.permission", 
  "fields": {
    "codename": "add_link", 
    "name": "Can add link", 
    "content_type": 65
  }
},
{
  "pk": 197, 
  "model": "auth.permission", 
  "fields": {
    "codename": "change_link", 
    "name": "Can change link", 
    "content_type": 65
  }
},
{
  "pk": 198, 
  "model": "auth.permission", 
  "fields": {
    "codename": "delete_link", 
    "name": "Can delete link", 
    "content_type": 65
  }
},
{
  "pk": 199, 
  "model": "auth.permission", 
  "fields": {
    "codename": "add_filerfolder", 
    "name": "Can add filer folder", 
    "content_type": 66
  }
},
{
  "pk": 200, 
  "model": "auth.permission", 
  "fields": {
    "codename": "change_filerfolder", 
    "name": "Can change filer folder", 
    "content_type": 66
  }
},
{
  "pk": 201, 
  "model": "auth.permission", 
  "fields": {
    "codename": "delete_filerfolder", 
    "name": "Can delete filer folder", 
    "content_type": 66
  }
},
{
  "pk": 202, 
  "model": "auth.permission", 
  "fields": {
    "codename": "add_filerfile", 
    "name": "Can add filer file", 
    "content_type": 67
  }
},
{
  "pk": 203, 
  "model": "auth.permission", 
  "fields": {
    "codename": "change_filerfile", 
    "name": "Can change filer file", 
    "content_type": 67
  }
},
{
  "pk": 204, 
  "model": "auth.permission", 
  "fields": {
    "codename": "delete_filerfile", 
    "name": "Can delete filer file", 
    "content_type": 67
  }
},
{
  "pk": 205, 
  "model": "auth.permission", 
  "fields": {
    "codename": "add_filerimage", 
    "name": "Can add filer image", 
    "content_type": 68
  }
},
{
  "pk": 206, 
  "model": "auth.permission", 
  "fields": {
    "codename": "change_filerimage", 
    "name": "Can change filer image", 
    "content_type": 68
  }
},
{
  "pk": 207, 
  "model": "auth.permission", 
  "fields": {
    "codename": "delete_filerimage", 
    "name": "Can delete filer image", 
    "content_type": 68
  }
},
{
  "pk": 208, 
  "model": "auth.permission", 
  "fields": {
    "codename": "add_thumbnailoption", 
    "name": "Can add thumbnail option", 
    "content_type": 69
  }
},
{
  "pk": 209, 
  "model": "auth.permission", 
  "fields": {
    "codename": "change_thumbnailoption", 
    "name": "Can change thumbnail option", 
    "content_type": 69
  }
},
{
  "pk": 210, 
  "model": "auth.permission", 
  "fields": {
    "codename": "delete_thumbnailoption", 
    "name": "Can delete thumbnail option", 
    "content_type": 69
  }
},
{
  "pk": 211, 
  "model": "auth.permission", 
  "fields": {
    "codename": "add_filerteaser", 
    "name": "Can add filer teaser", 
    "content_type": 70
  }
},
{
  "pk": 212, 
  "model": "auth.permission", 
  "fields": {
    "codename": "change_filerteaser", 
    "name": "Can change filer teaser", 
    "content_type": 70
  }
},
{
  "pk": 213, 
  "model": "auth.permission", 
  "fields": {
    "codename": "delete_filerteaser", 
    "name": "Can delete filer teaser", 
    "content_type": 70
  }
},
{
  "pk": 214, 
  "model": "auth.permission", 
  "fields": {
    "codename": "add_filervideo", 
    "name": "Can add filer video", 
    "content_type": 71
  }
},
{
  "pk": 215, 
  "model": "auth.permission", 
  "fields": {
    "codename": "change_filervideo", 
    "name": "Can change filer video", 
    "content_type": 71
  }
},
{
  "pk": 216, 
  "model": "auth.permission", 
  "fields": {
    "codename": "delete_filervideo", 
    "name": "Can delete filer video", 
    "content_type": 71
  }
},
{
  "pk": 217, 
  "model": "auth.permission", 
  "fields": {
    "codename": "add_todoentry", 
    "name": "Can add TodoEntry", 
    "content_type": 72
  }
},
{
  "pk": 218, 
  "model": "auth.permission", 
  "fields": {
    "codename": "change_todoentry", 
    "name": "Can change TodoEntry", 
    "content_type": 72
  }
},
{
  "pk": 219, 
  "model": "auth.permission", 
  "fields": {
    "codename": "delete_todoentry", 
    "name": "Can delete TodoEntry", 
    "content_type": 72
  }
},
{
  "pk": 220, 
  "model": "auth.permission", 
  "fields": {
    "codename": "add_todolist", 
    "name": "Can add todo list", 
    "content_type": 73
  }
},
{
  "pk": 221, 
  "model": "auth.permission", 
  "fields": {
    "codename": "change_todolist", 
    "name": "Can change todo list", 
    "content_type": 73
  }
},
{
  "pk": 222, 
  "model": "auth.permission", 
  "fields": {
    "codename": "delete_todolist", 
    "name": "Can delete todo list", 
    "content_type": 73
  }
},
{
  "pk": 223, 
  "model": "auth.permission", 
  "fields": {
    "codename": "add_etherpad", 
    "name": "Can add Etherpad", 
    "content_type": 74
  }
},
{
  "pk": 224, 
  "model": "auth.permission", 
  "fields": {
    "codename": "change_etherpad", 
    "name": "Can change Etherpad", 
    "content_type": 74
  }
},
{
  "pk": 225, 
  "model": "auth.permission", 
  "fields": {
    "codename": "delete_etherpad", 
    "name": "Can delete Etherpad", 
    "content_type": 74
  }
},
{
  "pk": 226, 
  "model": "auth.permission", 
  "fields": {
    "codename": "add_event", 
    "name": "Can add Event", 
    "content_type": 75
  }
},
{
  "pk": 227, 
  "model": "auth.permission", 
  "fields": {
    "codename": "change_event", 
    "name": "Can change Event", 
    "content_type": 75
  }
},
{
  "pk": 228, 
  "model": "auth.permission", 
  "fields": {
    "codename": "delete_event", 
    "name": "Can delete Event", 
    "content_type": 75
  }
},
{
  "pk": 229, 
  "model": "auth.permission", 
  "fields": {
    "codename": "add_suggestion", 
    "name": "Can add Suggestion", 
    "content_type": 76
  }
},
{
  "pk": 230, 
  "model": "auth.permission", 
  "fields": {
    "codename": "change_suggestion", 
    "name": "Can change Suggestion", 
    "content_type": 76
  }
},
{
  "pk": 231, 
  "model": "auth.permission", 
  "fields": {
    "codename": "delete_suggestion", 
    "name": "Can delete Suggestion", 
    "content_type": 76
  }
},
{
  "pk": 232, 
  "model": "auth.permission", 
  "fields": {
    "codename": "add_vote", 
    "name": "Can add Vote", 
    "content_type": 77
  }
},
{
  "pk": 233, 
  "model": "auth.permission", 
  "fields": {
    "codename": "change_vote", 
    "name": "Can change Vote", 
    "content_type": 77
  }
},
{
  "pk": 234, 
  "model": "auth.permission", 
  "fields": {
    "codename": "delete_vote", 
    "name": "Can delete Vote", 
    "content_type": 77
  }
},
{
  "pk": 235, 
  "model": "auth.permission", 
  "fields": {
    "codename": "add_skillname", 
    "name": "Can add skill name", 
    "content_type": 78
  }
},
{
  "pk": 236, 
  "model": "auth.permission", 
  "fields": {
    "codename": "change_skillname", 
    "name": "Can change skill name", 
    "content_type": 78
  }
},
{
  "pk": 237, 
  "model": "auth.permission", 
  "fields": {
    "codename": "delete_skillname", 
    "name": "Can delete skill name", 
    "content_type": 78
  }
},
{
  "pk": 238, 
  "model": "auth.permission", 
  "fields": {
    "codename": "add_skill", 
    "name": "Can add skill", 
    "content_type": 79
  }
},
{
  "pk": 239, 
  "model": "auth.permission", 
  "fields": {
    "codename": "change_skill", 
    "name": "Can change skill", 
    "content_type": 79
  }
},
{
  "pk": 240, 
  "model": "auth.permission", 
  "fields": {
    "codename": "delete_skill", 
    "name": "Can delete skill", 
    "content_type": 79
  }
},
{
  "pk": 241, 
  "model": "auth.permission", 
  "fields": {
    "codename": "add_badge", 
    "name": "Can add badge", 
    "content_type": 80
  }
},
{
  "pk": 242, 
  "model": "auth.permission", 
  "fields": {
    "codename": "change_badge", 
    "name": "Can change badge", 
    "content_type": 80
  }
},
{
  "pk": 243, 
  "model": "auth.permission", 
  "fields": {
    "codename": "delete_badge", 
    "name": "Can delete badge", 
    "content_type": 80
  }
},
{
  "pk": 1, 
  "model": "auth.user", 
  "fields": {
    "username": "arne", 
    "first_name": "", 
    "last_name": "", 
    "is_active": true, 
    "is_superuser": true, 
    "is_staff": true, 
    "last_login": "2015-12-06T19:58:27.794Z", 
    "groups": [], 
    "user_permissions": [
      1, 
      2, 
      3, 
      7, 
      8, 
      9, 
      4, 
      5, 
      6, 
      10, 
      11, 
      12, 
      165, 
      166, 
      167, 
      175, 
      176, 
      177, 
      168, 
      169, 
      170, 
      161, 
      171, 
      172, 
      173, 
      174, 
      178, 
      179, 
      180, 
      181, 
      182, 
      183, 
      184, 
      185, 
      186, 
      162, 
      163, 
      164, 
      187, 
      188, 
      189, 
      202, 
      203, 
      204, 
      199, 
      200, 
      201, 
      205, 
      206, 
      207, 
      208, 
      209, 
      210, 
      211, 
      212, 
      213, 
      214, 
      215, 
      216, 
      13, 
      14, 
      15, 
      115, 
      116, 
      117, 
      106, 
      107, 
      108, 
      109, 
      110, 
      111, 
      112, 
      113, 
      114, 
      118, 
      119, 
      120, 
      121, 
      122, 
      123, 
      223, 
      224, 
      225, 
      226, 
      227, 
      228, 
      229, 
      230, 
      231, 
      232, 
      233, 
      234, 
      127, 
      128, 
      129, 
      124, 
      125, 
      126, 
      217, 
      218, 
      219, 
      220, 
      221, 
      222, 
      22, 
      23, 
      24, 
      190, 
      191, 
      192, 
      130, 
      131, 
      132, 
      133, 
      134, 
      135, 
      40, 
      41, 
      42, 
      88, 
      89, 
      90, 
      91, 
      92, 
      93, 
      61, 
      62, 
      63, 
      49, 
      50, 
      51, 
      103, 
      104, 
      105, 
      46, 
      47, 
      48, 
      43, 
      44, 
      45, 
      52, 
      53, 
      54, 
      37, 
      38, 
      39, 
      70, 
      71, 
      72, 
      73, 
      74, 
      75, 
      64, 
      65, 
      66, 
      67, 
      68, 
      69, 
      76, 
      77, 
      78, 
      58, 
      59, 
      60, 
      100, 
      101, 
      102, 
      94, 
      95, 
      96, 
      97, 
      98, 
      99, 
      55, 
      56, 
      57, 
      82, 
      83, 
      84, 
      79, 
      80, 
      81, 
      85, 
      86, 
      87, 
      152, 
      153, 
      154, 
      155, 
      156, 
      157, 
      149, 
      150, 
      151, 
      142, 
      145, 
      143, 
      144, 
      146, 
      147, 
      148, 
      158, 
      159, 
      160, 
      196, 
      197, 
      198, 
      193, 
      194, 
      195, 
      28, 
      31, 
      29, 
      32, 
      30, 
      33, 
      16, 
      17, 
      18, 
      19, 
      20, 
      21, 
      25, 
      26, 
      27, 
      136, 
      137, 
      138, 
      139, 
      140, 
      141, 
      34, 
      35, 
      36
    ], 
    "password": "pbkdf2_sha256$10000$MReiPVhoAqvd$st1II0olXQxK3pU7q16tI/KMwuPS0nqFBq1x3JeZ8Ls=", 
    "email": "arne@ecobasa.org", 
    "date_joined": "2015-06-26T07:28:48Z"
  }
},
{
  "pk": 2, 
  "model": "auth.user", 
  "fields": {
    "username": "Testcom", 
    "first_name": "", 
    "last_name": "", 
    "is_active": true, 
    "is_superuser": false, 
    "is_staff": false, 
    "last_login": "2015-06-26T07:29:53.300Z", 
    "groups": [], 
    "user_permissions": [], 
    "password": "pbkdf2_sha256$10000$eHRCKcUpt8rf$2k2x8r5DgcmkNyG2XV19+BPdy2AbrU7QU8QoX0Tr1KY=", 
    "email": "ds@ds.com", 
    "date_joined": "2015-06-26T07:29:53.300Z"
  }
},
{
  "pk": 3, 
  "model": "auth.user", 
  "fields": {
    "username": "Comtest", 
    "first_name": "", 
    "last_name": "", 
    "is_active": true, 
    "is_superuser": false, 
    "is_staff": false, 
    "last_login": "2015-06-26T08:20:34.797Z", 
    "groups": [], 
    "user_permissions": [], 
    "password": "pbkdf2_sha256$10000$2oGe5Bq3Qgxg$C2b4Pey1w6ak08+XlD20CbHdAh956VS3sRXljUdKNuM=", 
    "email": "test@hans.de", 
    "date_joined": "2015-06-26T07:35:49.575Z"
  }
},
{
  "pk": 4, 
  "model": "auth.user", 
  "fields": {
    "username": "test", 
    "first_name": "", 
    "last_name": "", 
    "is_active": true, 
    "is_superuser": false, 
    "is_staff": false, 
    "last_login": "2015-06-26T07:52:21.918Z", 
    "groups": [], 
    "user_permissions": [], 
    "password": "pbkdf2_sha256$10000$clBTlvXTZQge$gXSBfO9zvgTAM8MLheyTktvRnxWRIY4IH2K+XrPGvY0=", 
    "email": "test@test.de", 
    "date_joined": "2015-06-26T07:52:21.918Z"
  }
},
{
  "pk": 5, 
  "model": "auth.user", 
  "fields": {
    "username": "admin", 
    "first_name": "", 
    "last_name": "", 
    "is_active": true, 
    "is_superuser": true, 
    "is_staff": true, 
    "last_login": "2015-06-26T07:54:41.820Z", 
    "groups": [], 
    "user_permissions": [], 
    "password": "pbkdf2_sha256$10000$gwTN0btXEP7v$Phe40ivI1jRVE4XJzoqkbtN98krBJYfqD7Nf3uApls0=", 
    "email": "a@min.de", 
    "date_joined": "2015-06-26T07:54:19.373Z"
  }
},
{
  "pk": 6, 
  "model": "auth.user", 
  "fields": {
    "username": "test2", 
    "first_name": "", 
    "last_name": "", 
    "is_active": true, 
    "is_superuser": false, 
    "is_staff": false, 
    "last_login": "2015-06-26T07:58:14.334Z", 
    "groups": [], 
    "user_permissions": [], 
    "password": "pbkdf2_sha256$10000$JKnSf2hCk3hI$cEaS4Jyb+2aEcGS642efNnHrjehHKQpa9pwq3t5WYUY=", 
    "email": "test@test2.de", 
    "date_joined": "2015-06-26T07:58:14.334Z"
  }
},
{
  "pk": 7, 
  "model": "auth.user", 
  "fields": {
    "username": "comtest2", 
    "first_name": "comtest", 
    "last_name": "", 
    "is_active": true, 
    "is_superuser": false, 
    "is_staff": false, 
    "last_login": "2015-06-26T08:21:42.176Z", 
    "groups": [], 
    "user_permissions": [], 
    "password": "pbkdf2_sha256$10000$vaKe1Ibph28L$CNSb+6/MJXD8DllEyzR7YmUzJeePA5e6NA9JdwUKyng=", 
    "email": "com@test.com", 
    "date_joined": "2015-06-26T07:58:58.419Z"
  }
},
{
  "pk": 8, 
  "model": "auth.user", 
  "fields": {
    "username": "comtest3", 
    "first_name": "comtest", 
    "last_name": "", 
    "is_active": true, 
    "is_superuser": false, 
    "is_staff": false, 
    "last_login": "2015-07-08T13:52:27.843Z", 
    "groups": [], 
    "user_permissions": [], 
    "password": "pbkdf2_sha256$10000$HNZlZoDD6hMK$zaHqrxAf4fxDG9IIMMqMm9fcntAAAMzwEgO/Us2OnZ8=", 
    "email": "com@test2.com", 
    "date_joined": "2015-06-26T08:19:58.231Z"
  }
},
{
  "pk": 9, 
  "model": "auth.user", 
  "fields": {
    "username": "com4", 
    "first_name": "a", 
    "last_name": "", 
    "is_active": true, 
    "is_superuser": false, 
    "is_staff": false, 
    "last_login": "2015-11-13T03:26:01.303Z", 
    "groups": [], 
    "user_permissions": [], 
    "password": "pbkdf2_sha256$10000$XV5pzDiBxzmV$ifUC3OxeJarl1KQzQ00Z4OEkAOyBtcttkV937clk2FQ=", 
    "email": "a@b.com", 
    "date_joined": "2015-11-13T03:25:41.931Z"
  }
},
{
  "pk": 10, 
  "model": "auth.user", 
  "fields": {
    "username": "com2", 
    "first_name": "d", 
    "last_name": "", 
    "is_active": true, 
    "is_superuser": false, 
    "is_staff": false, 
    "last_login": "2015-11-13T03:27:48.941Z", 
    "groups": [], 
    "user_permissions": [], 
    "password": "pbkdf2_sha256$10000$Ss1jf03gbmwm$qi6Z/UB6dLsC1FESWkW9UXyo3zp778bDisMQRB8S/Uc=", 
    "email": "c@s.com", 
    "date_joined": "2015-11-13T03:27:34.602Z"
  }
},
{
  "pk": 11, 
  "model": "auth.user", 
  "fields": {
    "username": "com5", 
    "first_name": "ss", 
    "last_name": "", 
    "is_active": true, 
    "is_superuser": false, 
    "is_staff": false, 
    "last_login": "2015-11-13T03:47:54.047Z", 
    "groups": [], 
    "user_permissions": [], 
    "password": "pbkdf2_sha256$10000$VtpqamyzSpje$EK4qcIE/gLHJybBbayFsT6g8ZKrpFFrDiyEZcOxgNBw=", 
    "email": "c@d.com", 
    "date_joined": "2015-11-13T03:47:54.047Z"
  }
},
{
  "pk": 12, 
  "model": "auth.user", 
  "fields": {
    "username": "com6", 
    "first_name": "", 
    "last_name": "", 
    "is_active": true, 
    "is_superuser": false, 
    "is_staff": false, 
    "last_login": "2015-11-13T03:52:59.027Z", 
    "groups": [], 
    "user_permissions": [], 
    "password": "pbkdf2_sha256$10000$T72vGjTO1yXL$D6YpqaaIoD8FgEnaT8H5RlhQ1DW8duswHrLGx7wG5rE=", 
    "email": "x@j.lo", 
    "date_joined": "2015-11-13T03:52:35.395Z"
  }
},
{
  "pk": 1, 
  "model": "cosinnus.cosinnusgroup", 
  "fields": {
    "public": true, 
    "description": "", 
    "media_tag": null, 
    "name": "", 
    "slug": "testcom"
  }
},
{
  "pk": 2, 
  "model": "cosinnus.cosinnusgroup", 
  "fields": {
    "public": true, 
    "description": "", 
    "media_tag": null, 
    "name": "", 
    "slug": "testcom-2"
  }
},
{
  "pk": 4, 
  "model": "cosinnus.cosinnusgroup", 
  "fields": {
    "public": false, 
    "description": "", 
    "media_tag": null, 
    "name": "4", 
    "slug": "4"
  }
},
{
  "pk": 5, 
  "model": "cosinnus.cosinnusgroup", 
  "fields": {
    "public": false, 
    "description": "", 
    "media_tag": null, 
    "name": "5", 
    "slug": "5"
  }
},
{
  "pk": 6, 
  "model": "cosinnus.cosinnusgroup", 
  "fields": {
    "public": false, 
    "description": "", 
    "media_tag": null, 
    "name": "6", 
    "slug": "6"
  }
},
{
  "pk": 7, 
  "model": "cosinnus.cosinnusgroup", 
  "fields": {
    "public": false, 
    "description": "", 
    "media_tag": null, 
    "name": "7", 
    "slug": "7"
  }
},
{
  "pk": 8, 
  "model": "cosinnus.cosinnusgroup", 
  "fields": {
    "public": true, 
    "description": "", 
    "media_tag": null, 
    "name": "Community-Tours", 
    "slug": "community-tours"
  }
},
{
  "pk": 9, 
  "model": "cosinnus.cosinnusgroup", 
  "fields": {
    "public": true, 
    "description": "", 
    "media_tag": null, 
    "name": "", 
    "slug": "comtest"
  }
},
{
  "pk": 10, 
  "model": "cosinnus.cosinnusgroup", 
  "fields": {
    "public": true, 
    "description": "", 
    "media_tag": null, 
    "name": "comtest", 
    "slug": "comtest-2"
  }
},
{
  "pk": 11, 
  "model": "cosinnus.cosinnusgroup", 
  "fields": {
    "public": true, 
    "description": "Smoothly", 
    "media_tag": 3, 
    "name": "Peace Caravan", 
    "slug": "peace-caravan"
  }
},
{
  "pk": 12, 
  "model": "cosinnus.cosinnusgroup", 
  "fields": {
    "public": true, 
    "description": "", 
    "media_tag": null, 
    "name": "Community 2", 
    "slug": "community-2"
  }
},
{
  "pk": 13, 
  "model": "cosinnus.cosinnusgroup", 
  "fields": {
    "public": true, 
    "description": "", 
    "media_tag": null, 
    "name": "com2", 
    "slug": "com2"
  }
},
{
  "pk": 14, 
  "model": "cosinnus.cosinnusgroup", 
  "fields": {
    "public": true, 
    "description": "", 
    "media_tag": null, 
    "name": "Com54", 
    "slug": "com54"
  }
},
{
  "pk": 15, 
  "model": "cosinnus.cosinnusgroup", 
  "fields": {
    "public": true, 
    "description": "", 
    "media_tag": null, 
    "name": "Community Ambassadors", 
    "slug": "community-ambassadors"
  }
},
{
  "pk": 16, 
  "model": "cosinnus.cosinnusgroup", 
  "fields": {
    "public": true, 
    "description": "", 
    "media_tag": null, 
    "name": "com6", 
    "slug": "com6"
  }
},
{
  "pk": 1, 
  "model": "cosinnus.cosinnusgroupmembership", 
  "fields": {
    "status": 2, 
    "date": "2015-06-26T07:29:54.447Z", 
    "group": 1, 
    "user": 2
  }
},
{
  "pk": 2, 
  "model": "cosinnus.cosinnusgroupmembership", 
  "fields": {
    "status": 2, 
    "date": "2015-06-26T07:35:50.924Z", 
    "group": 2, 
    "user": 3
  }
},
{
  "pk": 3, 
  "model": "cosinnus.cosinnusgroupmembership", 
  "fields": {
    "status": 1, 
    "date": "2015-06-26T07:58:15.303Z", 
    "group": 8, 
    "user": 6
  }
},
{
  "pk": 4, 
  "model": "cosinnus.cosinnusgroupmembership", 
  "fields": {
    "status": 2, 
    "date": "2015-06-26T07:58:59.907Z", 
    "group": 9, 
    "user": 7
  }
},
{
  "pk": 5, 
  "model": "cosinnus.cosinnusgroupmembership", 
  "fields": {
    "status": 2, 
    "date": "2015-06-26T08:19:59.865Z", 
    "group": 10, 
    "user": 8
  }
},
{
  "pk": 6, 
  "model": "cosinnus.cosinnusgroupmembership", 
  "fields": {
    "status": 1, 
    "date": "2015-06-26T08:20:00.720Z", 
    "group": 8, 
    "user": 8
  }
},
{
  "pk": 7, 
  "model": "cosinnus.cosinnusgroupmembership", 
  "fields": {
    "status": 2, 
    "date": "2015-06-26T14:34:07.842Z", 
    "group": 8, 
    "user": 1
  }
},
{
  "pk": 8, 
  "model": "cosinnus.cosinnusgroupmembership", 
  "fields": {
    "status": 2, 
    "date": "2015-09-24T11:03:49.985Z", 
    "group": 11, 
    "user": 1
  }
},
{
  "pk": 9, 
  "model": "cosinnus.cosinnusgroupmembership", 
  "fields": {
    "status": 2, 
    "date": "2015-11-13T03:25:45.076Z", 
    "group": 12, 
    "user": 9
  }
},
{
  "pk": 10, 
  "model": "cosinnus.cosinnusgroupmembership", 
  "fields": {
    "status": 1, 
    "date": "2015-11-13T03:25:46.182Z", 
    "group": 8, 
    "user": 9
  }
},
{
  "pk": 11, 
  "model": "cosinnus.cosinnusgroupmembership", 
  "fields": {
    "status": 2, 
    "date": "2015-11-13T03:27:35.890Z", 
    "group": 13, 
    "user": 10
  }
},
{
  "pk": 12, 
  "model": "cosinnus.cosinnusgroupmembership", 
  "fields": {
    "status": 1, 
    "date": "2015-11-13T03:27:36.574Z", 
    "group": 8, 
    "user": 10
  }
},
{
  "pk": 13, 
  "model": "cosinnus.cosinnusgroupmembership", 
  "fields": {
    "status": 2, 
    "date": "2015-11-13T03:47:55.574Z", 
    "group": 14, 
    "user": 11
  }
},
{
  "pk": 14, 
  "model": "cosinnus.cosinnusgroupmembership", 
  "fields": {
    "status": 1, 
    "date": "2015-11-13T03:47:56.633Z", 
    "group": 8, 
    "user": 11
  }
},
{
  "pk": 15, 
  "model": "cosinnus.cosinnusgroupmembership", 
  "fields": {
    "status": 2, 
    "date": "2015-11-13T03:52:36.783Z", 
    "group": 16, 
    "user": 12
  }
},
{
  "pk": 16, 
  "model": "cosinnus.cosinnusgroupmembership", 
  "fields": {
    "status": 1, 
    "date": "2015-11-13T03:52:37.376Z", 
    "group": 8, 
    "user": 12
  }
},
{
  "pk": 17, 
  "model": "cosinnus.cosinnusgroupmembership", 
  "fields": {
    "status": 1, 
    "date": "2015-11-13T03:52:37.382Z", 
    "group": 15, 
    "user": 12
  }
},
{
  "pk": 18, 
  "model": "cosinnus.cosinnusgroupmembership", 
  "fields": {
    "status": 1, 
    "date": "2015-11-13T04:48:13.870Z", 
    "group": 11, 
    "user": 12
  }
},
{
  "pk": 1, 
  "model": "cosinnus.tagobject", 
  "fields": {
    "group": 8, 
    "visibility": 1, 
    "persons": [], 
    "people_name": "", 
    "location_place": "", 
    "public": true
  }
},
{
  "pk": 2, 
  "model": "cosinnus.tagobject", 
  "fields": {
    "group": 8, 
    "visibility": 1, 
    "persons": [], 
    "people_name": "", 
    "location_place": "", 
    "public": false
  }
},
{
  "pk": 3, 
  "model": "cosinnus.tagobject", 
  "fields": {
    "group": null, 
    "visibility": 1, 
    "persons": [], 
    "people_name": "", 
    "location_place": "", 
    "public": false
  }
},
{
  "pk": 4, 
  "model": "cosinnus.tagobject", 
  "fields": {
    "group": 11, 
    "visibility": 1, 
    "persons": [], 
    "people_name": "", 
    "location_place": "", 
    "public": false
  }
},
{
  "pk": 5, 
  "model": "cosinnus.tagobject", 
  "fields": {
    "group": 11, 
    "visibility": 1, 
    "persons": [], 
    "people_name": "", 
    "location_place": "", 
    "public": false
  }
},
{
  "pk": 6, 
  "model": "cosinnus.tagobject", 
  "fields": {
    "group": 11, 
    "visibility": 1, 
    "persons": [], 
    "people_name": "", 
    "location_place": "", 
    "public": true
  }
},
{
  "pk": 7, 
  "model": "cosinnus.tagobject", 
  "fields": {
    "group": 8, 
    "visibility": 1, 
    "persons": [], 
    "people_name": "", 
    "location_place": "", 
    "public": false
  }
},
{
  "pk": 8, 
  "model": "cosinnus.tagobject", 
  "fields": {
    "group": 11, 
    "visibility": 1, 
    "persons": [], 
    "people_name": "", 
    "location_place": "Berlin", 
    "public": true
  }
},
{
  "pk": 41, 
  "model": "cosinnus.tagobject", 
  "fields": {
    "group": 11, 
    "visibility": 1, 
    "persons": [], 
    "people_name": "", 
    "location_place": "", 
    "public": false
  }
},
{
  "pk": 1, 
  "model": "cosinnus_note.note", 
  "fields": {
    "group": 8, 
    "attached_objects": [], 
    "created": "2015-07-16T12:44:41.489Z", 
    "title": "testnote", 
    "image": "blog_images/Coding.png", 
    "creator": 1, 
    "video": "", 
    "text": "<p>in tours</p>\n\n<p>works</p>\n", 
    "media_tag": 1, 
    "slug": "testnote"
  }
},
{
  "pk": 2, 
  "model": "cosinnus_note.note", 
  "fields": {
    "group": 11, 
    "attached_objects": [], 
    "created": "2015-10-13T11:09:05.249Z", 
    "title": "Test Html Blog", 
    "image": "", 
    "creator": 1, 
    "video": "", 
    "text": "<p><a href=\"#m-donate\" class=\"modal-trigger\">#m-donate</a></p>\n\n<p><br>\n<b>HEY!</b><br>\n<i>Just checking out!</i><a href=\"http://ecobasa.org/\">Some links</a></p>\n\n<p>\u00a0</p>\n\n<h1>Awesome!</h1>\n\n<h2>Just great</h2>\n\n<p><u>It works</u></p>\n", 
    "media_tag": 6, 
    "slug": "test-html-blog"
  }
},
{
  "pk": 1, 
  "model": "filer.folder", 
  "fields": {
    "rght": 2, 
    "uploaded_at": "2015-07-14T08:54:59.586Z", 
    "name": "TourBlog", 
    "parent": null, 
    "level": 0, 
    "created_at": "2015-07-14T08:54:59.586Z", 
    "modified_at": "2015-07-14T08:54:59.586Z", 
    "lft": 1, 
    "tree_id": 1, 
    "owner": 1
  }
},
{
  "pk": 1, 
  "model": "filer.file", 
  "fields": {
    "sha1": "741b1fefe243c3cfd21a19157195dd5e4eba78a3", 
    "original_filename": "Danube_Sun.JPG", 
    "name": "", 
    "description": null, 
    "modified_at": "2015-07-14T08:55:48.814Z", 
    "_file_size": 5867769, 
    "uploaded_at": "2015-07-14T08:55:29.070Z", 
    "file": "filer_public/73/6e/736ef570-c6c6-4bc6-8e61-96c9ee7f0813/danube_sun.jpg", 
    "owner": 1, 
    "is_public": true, 
    "folder": 1, 
    "has_all_mandatory_data": false, 
    "polymorphic_ctype": 53
  }
},
{
  "pk": 2, 
  "model": "filer.file", 
  "fields": {
    "sha1": "da3cd28472e5117af21e3f9b7e4c10a6161a101f", 
    "original_filename": "routeplanner.png", 
    "name": "", 
    "description": null, 
    "modified_at": "2015-07-14T08:55:48.880Z", 
    "_file_size": 473247, 
    "uploaded_at": "2015-07-14T08:55:46.530Z", 
    "file": "filer_public/a7/8f/a78fee33-1c10-4175-9ce5-b010e93891ab/routeplanner.png", 
    "owner": 1, 
    "is_public": true, 
    "folder": 1, 
    "has_all_mandatory_data": false, 
    "polymorphic_ctype": 53
  }
},
{
  "pk": 1, 
  "model": "filer.clipboard", 
  "fields": {
    "user": 1
  }
},
{
  "pk": 1, 
  "model": "filer.image", 
  "fields": {
    "subject_location": null, 
    "must_always_publish_copyright": false, 
    "date_taken": "2015-07-14T08:55:28.837Z", 
    "author": null, 
    "_height": 2848, 
    "_width": 4288, 
    "must_always_publish_author_credit": false, 
    "default_alt_text": null, 
    "default_caption": null
  }
},
{
  "pk": 2, 
  "model": "filer.image", 
  "fields": {
    "subject_location": null, 
    "must_always_publish_copyright": false, 
    "date_taken": "2015-07-14T08:55:46.503Z", 
    "author": null, 
    "_height": 450, 
    "_width": 800, 
    "must_always_publish_author_credit": false, 
    "default_alt_text": null, 
    "default_caption": null
  }
},
{
  "pk": 1, 
  "model": "postman.message", 
  "fields": {
    "body": "asd", 
    "recipient_deleted_at": null, 
    "sender_deleted_at": null, 
    "read_at": null, 
    "moderation_status": "a", 
    "sender": 8, 
    "parent": null, 
    "moderation_by": null, 
    "moderation_date": "2015-07-14T08:44:09.430Z", 
    "moderation_reason": "", 
    "recipient_archived": false, 
    "thread": null, 
    "replied_at": null, 
    "sent_at": "2015-07-14T08:44:09.400Z", 
    "sender_archived": false, 
    "recipient": 1, 
    "email": "", 
    "subject": "r"
  }
},
{
  "pk": 2, 
  "model": "postman.message", 
  "fields": {
    "body": "asd", 
    "recipient_deleted_at": null, 
    "sender_deleted_at": null, 
    "read_at": null, 
    "moderation_status": "a", 
    "sender": 8, 
    "parent": null, 
    "moderation_by": null, 
    "moderation_date": "2015-07-14T08:45:07.323Z", 
    "moderation_reason": "", 
    "recipient_archived": false, 
    "thread": null, 
    "replied_at": null, 
    "sent_at": "2015-07-14T08:45:07.306Z", 
    "sender_archived": false, 
    "recipient": 3, 
    "email": "", 
    "subject": "asd"
  }
},
{
  "pk": 3, 
  "model": "postman.message", 
  "fields": {
    "body": "sdasd", 
    "recipient_deleted_at": null, 
    "sender_deleted_at": null, 
    "read_at": null, 
    "moderation_status": "a", 
    "sender": 8, 
    "parent": null, 
    "moderation_by": null, 
    "moderation_date": "2015-07-14T08:48:43.828Z", 
    "moderation_reason": "", 
    "recipient_archived": false, 
    "thread": null, 
    "replied_at": null, 
    "sent_at": "2015-07-14T08:48:43.788Z", 
    "sender_archived": false, 
    "recipient": 3, 
    "email": "", 
    "subject": "as"
  }
},
{
  "pk": 4, 
  "model": "postman.message", 
  "fields": {
    "body": "asdasd", 
    "recipient_deleted_at": null, 
    "sender_deleted_at": null, 
    "read_at": null, 
    "moderation_status": "a", 
    "sender": 8, 
    "parent": null, 
    "moderation_by": null, 
    "moderation_date": "2015-07-14T08:49:20.266Z", 
    "moderation_reason": "", 
    "recipient_archived": false, 
    "thread": null, 
    "replied_at": null, 
    "sent_at": "2015-07-14T08:49:20.249Z", 
    "sender_archived": false, 
    "recipient": 2, 
    "email": "", 
    "subject": "asd"
  }
},
{
  "pk": 5, 
  "model": "postman.message", 
  "fields": {
    "body": "asdasdas", 
    "recipient_deleted_at": null, 
    "sender_deleted_at": null, 
    "read_at": null, 
    "moderation_status": "a", 
    "sender": 8, 
    "parent": null, 
    "moderation_by": null, 
    "moderation_date": "2015-07-14T08:49:55.310Z", 
    "moderation_reason": "", 
    "recipient_archived": false, 
    "thread": null, 
    "replied_at": null, 
    "sent_at": "2015-07-14T08:49:55.283Z", 
    "sender_archived": false, 
    "recipient": 7, 
    "email": "", 
    "subject": "asd"
  }
},
{
  "pk": 11, 
  "model": "ecobasa.caravan", 
  "fields": {
    "image": ""
  }
},
{
  "pk": 1, 
  "model": "ecobasa.ecobasauserprofile", 
  "fields": {
    "city": null, 
    "about": null, 
    "bus_consumption": 0, 
    "bus_image": "", 
    "bus_transport": true, 
    "gender": "o", 
    "bus_num_passengers": 0, 
    "zipcode": null, 
    "bus_has_driving_license": false, 
    "ecobasa_what": null, 
    "has_bus": false, 
    "user": 2, 
    "country": "ZZ", 
    "birth_date": null, 
    "world": null, 
    "bus_others_can_drive": false, 
    "avatar": ""
  }
},
{
  "pk": 2, 
  "model": "ecobasa.ecobasauserprofile", 
  "fields": {
    "city": null, 
    "about": null, 
    "bus_consumption": 0, 
    "bus_image": "", 
    "bus_transport": true, 
    "gender": "o", 
    "bus_num_passengers": 0, 
    "zipcode": null, 
    "bus_has_driving_license": false, 
    "ecobasa_what": null, 
    "has_bus": false, 
    "user": 3, 
    "country": "ZZ", 
    "birth_date": null, 
    "world": null, 
    "bus_others_can_drive": false, 
    "avatar": ""
  }
},
{
  "pk": 3, 
  "model": "ecobasa.ecobasauserprofile", 
  "fields": {
    "city": "", 
    "about": "", 
    "bus_consumption": 0, 
    "bus_image": "", 
    "bus_transport": true, 
    "gender": "", 
    "bus_num_passengers": 0, 
    "zipcode": "", 
    "bus_has_driving_license": false, 
    "ecobasa_what": "", 
    "has_bus": false, 
    "user": 4, 
    "country": "ZZ", 
    "birth_date": null, 
    "world": "", 
    "bus_others_can_drive": false, 
    "avatar": "avatars/genesis-sebastiao-salgado-18_800x600.png"
  }
},
{
  "pk": 4, 
  "model": "ecobasa.ecobasauserprofile", 
  "fields": {
    "city": null, 
    "about": null, 
    "bus_consumption": 0, 
    "bus_image": "", 
    "bus_transport": true, 
    "gender": "o", 
    "bus_num_passengers": 0, 
    "zipcode": null, 
    "bus_has_driving_license": false, 
    "ecobasa_what": null, 
    "has_bus": false, 
    "user": 5, 
    "country": "ZZ", 
    "birth_date": null, 
    "world": null, 
    "bus_others_can_drive": false, 
    "avatar": ""
  }
},
{
  "pk": 5, 
  "model": "ecobasa.ecobasauserprofile", 
  "fields": {
    "city": "", 
    "about": "", 
    "bus_consumption": 2, 
    "bus_image": "", 
    "bus_transport": true, 
    "gender": "o", 
    "bus_num_passengers": 4, 
    "zipcode": "", 
    "bus_has_driving_license": true, 
    "ecobasa_what": "", 
    "has_bus": true, 
    "user": 1, 
    "country": "DE", 
    "birth_date": null, 
    "world": "", 
    "bus_others_can_drive": false, 
    "avatar": ""
  }
},
{
  "pk": 6, 
  "model": "ecobasa.ecobasauserprofile", 
  "fields": {
    "city": "", 
    "about": "", 
    "bus_consumption": 0, 
    "bus_image": "", 
    "bus_transport": true, 
    "gender": "", 
    "bus_num_passengers": 0, 
    "zipcode": "", 
    "bus_has_driving_license": false, 
    "ecobasa_what": "", 
    "has_bus": false, 
    "user": 6, 
    "country": "ZZ", 
    "birth_date": null, 
    "world": "", 
    "bus_others_can_drive": false, 
    "avatar": "avatars/genesis-sebastiao-salgado-18_800x600_1.png"
  }
},
{
  "pk": 7, 
  "model": "ecobasa.ecobasauserprofile", 
  "fields": {
    "city": null, 
    "about": null, 
    "bus_consumption": 0, 
    "bus_image": "", 
    "bus_transport": true, 
    "gender": "o", 
    "bus_num_passengers": 0, 
    "zipcode": null, 
    "bus_has_driving_license": false, 
    "ecobasa_what": null, 
    "has_bus": false, 
    "user": 7, 
    "country": "ZZ", 
    "birth_date": null, 
    "world": null, 
    "bus_others_can_drive": false, 
    "avatar": ""
  }
},
{
  "pk": 8, 
  "model": "ecobasa.ecobasauserprofile", 
  "fields": {
    "city": null, 
    "about": null, 
    "bus_consumption": 0, 
    "bus_image": "", 
    "bus_transport": true, 
    "gender": "o", 
    "bus_num_passengers": 0, 
    "zipcode": null, 
    "bus_has_driving_license": false, 
    "ecobasa_what": null, 
    "has_bus": false, 
    "user": 8, 
    "country": "ZZ", 
    "birth_date": null, 
    "world": null, 
    "bus_others_can_drive": false, 
    "avatar": ""
  }
},
{
  "pk": 9, 
  "model": "ecobasa.ecobasauserprofile", 
  "fields": {
    "city": null, 
    "about": null, 
    "bus_consumption": 0, 
    "bus_image": "", 
    "bus_transport": true, 
    "gender": "o", 
    "bus_num_passengers": 0, 
    "zipcode": null, 
    "bus_has_driving_license": false, 
    "ecobasa_what": null, 
    "has_bus": false, 
    "user": 9, 
    "country": "ZZ", 
    "birth_date": null, 
    "world": null, 
    "bus_others_can_drive": false, 
    "avatar": ""
  }
},
{
  "pk": 10, 
  "model": "ecobasa.ecobasauserprofile", 
  "fields": {
    "city": null, 
    "about": null, 
    "bus_consumption": 0, 
    "bus_image": "", 
    "bus_transport": true, 
    "gender": "o", 
    "bus_num_passengers": 0, 
    "zipcode": null, 
    "bus_has_driving_license": false, 
    "ecobasa_what": null, 
    "has_bus": false, 
    "user": 10, 
    "country": "ZZ", 
    "birth_date": null, 
    "world": null, 
    "bus_others_can_drive": false, 
    "avatar": ""
  }
},
{
  "pk": 11, 
  "model": "ecobasa.ecobasauserprofile", 
  "fields": {
    "city": null, 
    "about": null, 
    "bus_consumption": 0, 
    "bus_image": "", 
    "bus_transport": true, 
    "gender": "o", 
    "bus_num_passengers": 0, 
    "zipcode": null, 
    "bus_has_driving_license": false, 
    "ecobasa_what": null, 
    "has_bus": false, 
    "user": 11, 
    "country": "ZZ", 
    "birth_date": null, 
    "world": null, 
    "bus_others_can_drive": false, 
    "avatar": "avatars/Bettina_Stender.jpg"
  }
},
{
  "pk": 12, 
  "model": "ecobasa.ecobasauserprofile", 
  "fields": {
    "city": "", 
    "about": "", 
    "bus_consumption": 7, 
    "bus_image": "bus_images/Schwalbenschwanzraupe.JPG", 
    "bus_transport": true, 
    "gender": "", 
    "bus_num_passengers": 3, 
    "zipcode": "", 
    "bus_has_driving_license": true, 
    "ecobasa_what": "", 
    "has_bus": true, 
    "user": 12, 
    "country": "AL", 
    "birth_date": null, 
    "world": "", 
    "bus_others_can_drive": true, 
    "avatar": ""
  }
},
{
  "pk": 1, 
  "model": "cosinnus_todo.todoentry", 
  "fields": {
    "due_date": null, 
    "note": "Hei", 
    "group": 11, 
    "attached_objects": [], 
    "created": "2015-12-06T10:17:59.002Z", 
    "todolist": 1, 
    "title": "todo", 
    "is_completed": false, 
    "creator": 1, 
    "completed_date": null, 
    "priority": 2, 
    "completed_by": null, 
    "assigned_to": 1, 
    "media_tag": 8, 
    "slug": "todo"
  }
},
{
  "pk": 34, 
  "model": "cosinnus_todo.todoentry", 
  "fields": {
    "due_date": "2015-12-16T11:01:00Z", 
    "note": "", 
    "group": 11, 
    "attached_objects": [], 
    "created": "2015-12-06T11:01:12.485Z", 
    "todolist": null, 
    "title": "todo1", 
    "is_completed": false, 
    "creator": 1, 
    "completed_date": null, 
    "priority": 2, 
    "completed_by": null, 
    "assigned_to": null, 
    "media_tag": 41, 
    "slug": "todo1"
  }
},
{
  "pk": 1, 
  "model": "cosinnus_etherpad.etherpad", 
  "fields": {
    "group": 8, 
    "description": "", 
    "created": "2015-07-21T11:44:28.068Z", 
    "title": "test", 
    "creator": null, 
    "is_container": false, 
    "path": "/", 
    "media_tag": 2, 
    "pad_id": "g.4j22RjnOjvS89j1v$test", 
    "slug": "test", 
    "attached_objects": []
  }
},
{
  "pk": 1, 
  "model": "cosinnus_event.event", 
  "fields": {
    "city": "", 
    "group": 11, 
    "attached_objects": [], 
    "created": "2015-09-24T11:04:23.264Z", 
    "url": "", 
    "title": "Somewhere", 
    "image": "cosinnus_events/images/Danube_Sun.JPG", 
    "creator": 1, 
    "state": 1, 
    "zipcode": null, 
    "note": "Lorem ipsum dolor sit amet, consectetur adipisicing elit, sed do eiusmod tempor incididunt ut labore et dolore magna aliqua. Ut enim ad minim veniam,\r\nquis nostrud exercitation ullamco laboris nisi ut aliquip ex ea commodo consequat. Duis aute irure dolor in reprehenderit in voluptate velit esse\r\ncillum dolore eu fugiat nulla pariatur. Excepteur sint occaecat cupidatat non proident, sunt in culpa qui officia deserunt mollit anim id est laborum.\r\nLorem ipsum dolor sit amet, consectetur adipisicing elit, sed do eiusmod\r\ntempor incididunt ut labore et dolore magna aliqua. Ut enim ad minim veniam,\r\nquis nostrud exercitation ullamco laboris nisi ut aliquip ex ea commodo\r\nconsequat. Duis aute irur\r\ne dolor in reprehenderit in voluptate velit esse\r\ncillum dolore eu fugiat nulla pariatur. Excepteur sint occaecat cupidatat non\r\nproident, sunt in culpa qui officia deserunt mollit anim id est laborum.\r\nLorem ipsum dolor sit amet, consectetur adipisicing elit, sed do eiusmod\r\ntempor incididunt ut labor\r\n\r\ne et dolore magna aliqua. Ut enim ad minim veniam,\r\nquis nostrud exercitation ullamco laboris nisi ut aliquip ex ea commodo\r\nconsequat. Duis aute irure dolor in reprehenderit in voluptate velit esse\r\ncillum dolore eu fugiat nulla pariatur. Excepteur sint occaecat cupidatat non\r\nproident, sunt in culpa qui officia deserunt mollit anim id est laborum.\r\n\r\nLorem ipsum dolor sit amet, consectetur adipisicing elit, sed do eiusmod\r\ntempor incididunt ut labore et dolore magna aliqua. Ut enim ad minim veniam,\r\nquis nostrud exercitation ullamco laboris nisi ut aliquip ex ea commodo\r\nconsequat. Duis aute irure dolor in reprehenderit in voluptate velit esse\r\ncillum dolore eu fugiat nulla pariatur. Excepteur sint occaecat cupidatat non\r\nproident, sunt in culpa qui officia deserunt mollit anim id est laborum.", 
    "public": false, 
    "from_date": "2015-09-24T11:03:00Z", 
    "street": "", 
    "to_date": "2015-09-30T11:03:00Z", 
    "suggestion": 1, 
    "media_tag": 4, 
    "slug": "somewhere", 
    "location": "42.3600825,-71.05888010000001"
  }
},
{
  "pk": 2, 
  "model": "cosinnus_event.event", 
  "fields": {
    "city": "", 
    "group": 11, 
    "attached_objects": [], 
    "created": "2015-09-24T11:05:10.070Z", 
    "url": "", 
    "title": "Somewhere else", 
    "image": "", 
    "creator": 1, 
    "state": 1, 
    "zipcode": null, 
    "note": "", 
    "public": false, 
    "from_date": "2015-10-01T11:04:00Z", 
    "street": "", 
    "to_date": "2015-10-08T11:04:00Z", 
    "suggestion": 2, 
    "media_tag": 5, 
    "slug": "somewhere-else", 
    "location": "32.3546679,-89.39852830000001"
  }
},
{
  "pk": 3, 
  "model": "cosinnus_event.event", 
  "fields": {
    "city": "", 
    "group": 8, 
    "attached_objects": [], 
    "created": "2015-10-27T17:23:08.005Z", 
    "url": "", 
    "title": "Next Event", 
    "image": "cosinnus_events/images/nextgen-neology.png", 
    "creator": 1, 
    "state": 1, 
    "zipcode": null, 
    "note": "Big event!", 
    "public": true, 
    "from_date": "2015-12-02T17:22:00Z", 
    "street": "", 
    "to_date": "2016-01-06T17:22:00Z", 
    "suggestion": 3, 
    "media_tag": 7, 
    "slug": "next-event", 
    "location": null
  }
},
{
  "pk": 1, 
  "model": "admin.logentry", 
  "fields": {
    "action_flag": 2, 
    "action_time": "2015-06-26T07:55:16.118Z", 
    "object_repr": "arne", 
    "object_id": "1", 
    "change_message": "password, is_staff, is_superuser und user_permissions ge\u00e4ndert.", 
    "user": 5, 
    "content_type": 4
  }
},
{
  "pk": 2, 
  "model": "admin.logentry", 
  "fields": {
    "action_flag": 1, 
    "action_time": "2015-06-26T07:55:39.870Z", 
    "object_repr": "Community-Tours", 
    "object_id": "3", 
    "change_message": "", 
    "user": 5, 
    "content_type": 36
  }
},
{
  "pk": 3, 
  "model": "admin.logentry", 
  "fields": {
    "action_flag": 1, 
    "action_time": "2015-06-26T07:56:02.714Z", 
    "object_repr": "4", 
    "object_id": "4", 
    "change_message": "", 
    "user": 5, 
    "content_type": 36
  }
},
{
  "pk": 4, 
  "model": "admin.logentry", 
  "fields": {
    "action_flag": 1, 
    "action_time": "2015-06-26T07:56:09.878Z", 
    "object_repr": "5", 
    "object_id": "5", 
    "change_message": "", 
    "user": 5, 
    "content_type": 36
  }
},
{
  "pk": 5, 
  "model": "admin.logentry", 
  "fields": {
    "action_flag": 1, 
    "action_time": "2015-06-26T07:56:17.706Z", 
    "object_repr": "6", 
    "object_id": "6", 
    "change_message": "", 
    "user": 5, 
    "content_type": 36
  }
},
{
  "pk": 6, 
  "model": "admin.logentry", 
  "fields": {
    "action_flag": 1, 
    "action_time": "2015-06-26T07:56:25.121Z", 
    "object_repr": "7", 
    "object_id": "7", 
    "change_message": "", 
    "user": 5, 
    "content_type": 36
  }
},
{
  "pk": 7, 
  "model": "admin.logentry", 
  "fields": {
    "action_flag": 3, 
    "action_time": "2015-06-26T07:56:35.461Z", 
    "object_repr": "Community-Tours", 
    "object_id": "3", 
    "change_message": "", 
    "user": 5, 
    "content_type": 36
  }
},
{
  "pk": 8, 
  "model": "admin.logentry", 
  "fields": {
    "action_flag": 1, 
    "action_time": "2015-06-26T07:57:02.150Z", 
    "object_repr": "Community-Tours", 
    "object_id": "8", 
    "change_message": "", 
    "user": 5, 
    "content_type": 36
  }
},
{
  "pk": 9, 
  "model": "admin.logentry", 
  "fields": {
    "action_flag": 1, 
    "action_time": "2015-06-26T14:01:53.149Z", 
    "object_repr": "comtest3: Head of master", 
    "object_id": "1", 
    "change_message": "", 
    "user": 1, 
    "content_type": 17
  }
},
{
  "pk": 10, 
  "model": "admin.logentry", 
  "fields": {
    "action_flag": 1, 
    "action_time": "2015-06-26T14:34:07.889Z", 
    "object_repr": "<user: arne, group: Community-Tours, status: 2>", 
    "object_id": "7", 
    "change_message": "", 
    "user": 1, 
    "content_type": 37
  }
},
{
  "pk": 11, 
  "model": "admin.logentry", 
  "fields": {
    "action_flag": 1, 
    "action_time": "2015-06-26T14:34:16.560Z", 
    "object_repr": "arne: Master", 
    "object_id": "2", 
    "change_message": "", 
    "user": 1, 
    "content_type": 17
  }
},
{
  "pk": 12, 
  "model": "admin.logentry", 
  "fields": {
    "action_flag": 1, 
    "action_time": "2015-07-14T08:54:15.931Z", 
    "object_repr": "Community-Tours Blog", 
    "object_id": "1", 
    "change_message": "", 
    "user": 1, 
    "content_type": 54
  }
},
{
  "pk": 13, 
  "model": "admin.logentry", 
  "fields": {
    "action_flag": 2, 
    "action_time": "2015-07-14T08:56:14.614Z", 
    "object_repr": "Community-Tours Blog", 
    "object_id": "1", 
    "change_message": "No fields changed.", 
    "user": 1, 
    "content_type": 54
  }
},
{
  "pk": 14, 
  "model": "admin.logentry", 
  "fields": {
    "action_flag": 2, 
    "action_time": "2015-07-14T09:04:51.167Z", 
    "object_repr": "Community-Tours Blog", 
    "object_id": "1", 
    "change_message": "Changed template.", 
    "user": 1, 
    "content_type": 54
  }
},
{
  "pk": 15, 
  "model": "admin.logentry", 
  "fields": {
    "action_flag": 2, 
    "action_time": "2015-07-14T09:04:59.901Z", 
    "object_repr": "Community-Tours Blog", 
    "object_id": "1", 
    "change_message": "No fields changed.", 
    "user": 1, 
    "content_type": 54
  }
},
{
  "pk": 16, 
  "model": "admin.logentry", 
  "fields": {
    "action_flag": 2, 
    "action_time": "2015-07-14T09:18:51.507Z", 
    "object_repr": "Community-Tours Blog", 
    "object_id": "1", 
    "change_message": "No fields changed.", 
    "user": 1, 
    "content_type": 54
  }
},
{
  "pk": 17, 
  "model": "admin.logentry", 
  "fields": {
    "action_flag": 2, 
    "action_time": "2015-07-14T09:31:43.288Z", 
    "object_repr": "Community-Tours Blog", 
    "object_id": "1", 
    "change_message": "No fields changed.", 
    "user": 1, 
    "content_type": 54
  }
},
{
  "pk": 18, 
  "model": "admin.logentry", 
  "fields": {
    "action_flag": 2, 
    "action_time": "2015-07-14T15:21:14.210Z", 
    "object_repr": "Community-Tours Blog", 
    "object_id": "1", 
    "change_message": "No fields changed.", 
    "user": 1, 
    "content_type": 54
  }
},
{
  "pk": 19, 
  "model": "admin.logentry", 
  "fields": {
    "action_flag": 2, 
    "action_time": "2015-07-14T15:23:58.233Z", 
    "object_repr": "Community-Tours Blog", 
    "object_id": "1", 
    "change_message": "No fields changed.", 
    "user": 1, 
    "content_type": 54
  }
},
{
  "pk": 20, 
  "model": "admin.logentry", 
  "fields": {
    "action_flag": 2, 
    "action_time": "2015-08-03T21:31:02.534Z", 
    "object_repr": "Community-Tours Blog", 
    "object_id": "1", 
    "change_message": "Changed template.", 
    "user": 1, 
    "content_type": 54
  }
},
{
  "pk": 21, 
  "model": "admin.logentry", 
  "fields": {
    "action_flag": 1, 
    "action_time": "2015-08-03T21:31:37.284Z", 
    "object_repr": "Community-Tours", 
    "object_id": "3", 
    "change_message": "", 
    "user": 1, 
    "content_type": 54
  }
},
{
  "pk": 22, 
  "model": "admin.logentry", 
  "fields": {
    "action_flag": 2, 
    "action_time": "2015-08-03T21:32:17.017Z", 
    "object_repr": "Community-Tours Blog", 
    "object_id": "1", 
    "change_message": "Changed title.", 
    "user": 1, 
    "content_type": 54
  }
},
{
  "pk": 23, 
  "model": "admin.logentry", 
  "fields": {
    "action_flag": 2, 
    "action_time": "2015-08-03T21:32:44.558Z", 
    "object_repr": "Blog", 
    "object_id": "1", 
    "change_message": "Changed slug.", 
    "user": 1, 
    "content_type": 54
  }
},
{
  "pk": 24, 
  "model": "admin.logentry", 
  "fields": {
    "action_flag": 2, 
    "action_time": "2015-08-03T21:33:50.880Z", 
    "object_repr": "Community-Tours", 
    "object_id": "3", 
    "change_message": "No fields changed.", 
    "user": 1, 
    "content_type": 54
  }
},
{
  "pk": 25, 
  "model": "admin.logentry", 
  "fields": {
    "action_flag": 1, 
    "action_time": "2015-10-25T18:19:22.469Z", 
    "object_repr": "Blog", 
    "object_id": "8", 
    "change_message": "", 
    "user": 1, 
    "content_type": 54
  }
},
{
  "pk": 26, 
  "model": "admin.logentry", 
  "fields": {
    "action_flag": 2, 
    "action_time": "2015-10-25T18:20:27.911Z", 
    "object_repr": "Blog", 
    "object_id": "8", 
    "change_message": "No fields changed.", 
    "user": 1, 
    "content_type": 54
  }
},
{
  "pk": 27, 
  "model": "admin.logentry", 
  "fields": {
    "action_flag": 2, 
    "action_time": "2015-10-25T18:21:45.891Z", 
    "object_repr": "Blog", 
    "object_id": "1", 
    "change_message": "Changed slug.", 
    "user": 1, 
    "content_type": 54
  }
},
{
  "pk": 28, 
  "model": "admin.logentry", 
  "fields": {
    "action_flag": 1, 
    "action_time": "2015-10-25T18:27:44.670Z", 
    "object_repr": "Start", 
    "object_id": "14", 
    "change_message": "", 
    "user": 1, 
    "content_type": 54
  }
},
{
  "pk": 29, 
  "model": "admin.logentry", 
  "fields": {
    "action_flag": 2, 
    "action_time": "2015-10-25T18:27:58.739Z", 
    "object_repr": "Blog", 
    "object_id": "1", 
    "change_message": "No fields changed.", 
    "user": 1, 
    "content_type": 54
  }
},
{
  "pk": 30, 
  "model": "admin.logentry", 
  "fields": {
    "action_flag": 1, 
    "action_time": "2015-11-13T03:49:08.480Z", 
    "object_repr": "Community Ambassadors", 
    "object_id": "15", 
    "change_message": "", 
    "user": 1, 
    "content_type": 36
  }
},
{
  "pk": 31, 
  "model": "admin.logentry", 
  "fields": {
    "action_flag": 2, 
    "action_time": "2015-11-26T03:24:50.160Z", 
    "object_repr": "arne", 
    "object_id": "5", 
    "change_message": "Changed country, has_bus, bus_num_passengers, bus_consumption, interests, skills and products.", 
    "user": 1, 
    "content_type": 21
  }
}
]
